carbon_monoxide,nitrogen_monoxide,nitrogen_dioxide,ozone,sulphur_dioxide,particulates2_5,particulates10,ammonia,air_quality_index,date
360.49,0.03,24.33,46.49,0.94,5.55,7.21,2.72,1,2023-11-02 00:00:00
377.18,0.04,26.39,38.62,0.86,6.19,7.9,2.94,1,2023-11-02 01:00:00
367.16,0.03,23.65,39.34,0.77,6.29,8.02,2.85,1,2023-11-02 02:00:00
337.12,0.01,18.16,45.06,0.68,5.64,7.3,2.6,1,2023-11-02 03:00:00
330.45,0.02,16.45,45.06,0.59,5.42,7.02,2.56,1,2023-11-02 04:00:00
347.14,0.05,19.71,37.19,0.51,5.91,7.49,2.56,1,2023-11-02 05:00:00
347.14,0.05,19.19,32.9,0.47,5.54,7.01,1.76,1,2023-11-02 06:00:00
337.12,0.05,16.96,31.11,0.44,5.31,6.69,1.09,1,2023-11-02 07:00:00
327.11,0.05,15.42,28.61,0.57,5.41,6.75,1.52,1,2023-11-02 08:00:00
320.43,0.08,14.91,25.39,0.71,5.69,7.02,1.95,1,2023-11-02 09:00:00
323.77,0.12,15.25,21.64,0.83,6.12,7.47,2.28,1,2023-11-02 10:00:00
327.11,0.2,15.94,18.06,0.92,6.46,7.85,2.66,1,2023-11-02 11:00:00
337.12,0.5,17.99,13.59,1.01,7.02,8.47,3.17,1,2023-11-02 12:00:00
403.88,4.19,25.02,4.11,1.13,9.13,10.88,4.37,1,2023-11-02 13:00:00
500.68,15.65,26.05,1.37,0.97,11.36,13.43,3.32,2,2023-11-02 14:00:00
547.41,25.26,20.22,6.62,0.92,11.99,14.2,2.47,2,2023-11-02 15:00:00
417.23,12.74,15.25,22.53,1.21,8.52,10.18,1.87,1,2023-11-02 16:00:00
360.49,8.49,11.31,31.83,1.37,7.03,8.44,1.77,1,2023-11-02 17:00:00
337.12,6.82,9.51,36.48,1.68,6.03,7.31,1.73,1,2023-11-02 18:00:00
283.72,2.4,6.08,65.8,1.79,5.55,7.04,1.44,2,2023-11-02 19:00:00
270.37,1.48,4.76,75.1,1.51,5.35,6.98,1.47,2,2023-11-02 20:00:00
267.03,1.1,4.41,76.53,1.27,5.25,6.83,1.49,2,2023-11-02 21:00:00
277.04,1.05,6.51,72.96,1.15,5.58,7.13,1.61,2,2023-11-02 22:00:00
293.73,0.54,10.71,64.37,0.98,5.9,7.47,1.82,2,2023-11-02 23:00:00
303.75,0.01,13.19,58.65,0.75,5.91,7.58,1.98,1,2023-11-03 00:00:00
307.08,0.0,13.37,57.94,0.62,5.93,7.72,2.06,1,2023-11-03 01:00:00
300.41,0.0,12.34,57.94,0.63,5.97,7.75,2.09,1,2023-11-03 02:00:00
287.06,0.0,10.37,58.65,0.63,5.94,7.64,2.03,1,2023-11-03 03:00:00
280.38,0.0,8.83,60.08,0.59,5.98,7.63,1.95,2,2023-11-03 04:00:00
273.7,0.0,7.63,61.51,0.58,6.09,7.73,1.85,2,2023-11-03 05:00:00
260.35,0.0,5.4,65.09,0.59,6.0,7.66,1.68,2,2023-11-03 06:00:00
253.68,0.0,3.98,67.23,0.59,5.71,7.46,1.61,2,2023-11-03 07:00:00
250.34,0.0,3.56,66.52,0.6,5.4,7.13,1.61,2,2023-11-03 08:00:00
250.34,0.0,3.34,65.8,0.64,5.4,7.07,1.61,2,2023-11-03 09:00:00
253.68,0.0,3.21,65.09,0.71,5.63,7.31,1.61,2,2023-11-03 10:00:00
253.68,0.0,3.26,64.37,0.77,5.86,7.68,1.61,2,2023-11-03 11:00:00
253.68,0.0,3.6,62.23,0.82,6.04,8.11,1.65,2,2023-11-03 12:00:00
260.35,0.0,5.44,58.65,0.87,6.32,8.77,1.76,1,2023-11-03 13:00:00
277.04,0.02,8.65,53.64,0.92,6.5,9.35,1.96,1,2023-11-03 14:00:00
283.72,0.29,10.8,49.35,0.91,6.5,9.75,2.15,1,2023-11-03 15:00:00
290.39,0.86,10.97,47.92,0.94,6.56,10.06,2.34,1,2023-11-03 16:00:00
300.41,1.44,11.48,46.49,1.24,7.0,10.44,2.6,1,2023-11-03 17:00:00
307.08,1.73,10.97,45.06,1.43,7.31,10.4,2.88,1,2023-11-03 18:00:00
303.75,1.93,9.08,42.2,1.31,7.29,10.07,3.23,1,2023-11-03 19:00:00
310.42,2.6,9.34,39.34,2.95,8.11,11.0,3.17,1,2023-11-03 20:00:00
323.77,2.93,10.71,39.34,5.48,9.21,12.59,2.85,1,2023-11-03 21:00:00
333.79,2.21,13.54,38.62,6.56,9.85,13.57,2.6,1,2023-11-03 22:00:00
350.48,0.64,18.85,35.41,6.14,10.11,13.75,2.44,2,2023-11-03 23:00:00
367.16,0.06,21.93,32.19,4.59,10.17,13.43,2.5,2,2023-11-04 00:00:00
383.85,0.1,23.65,27.89,3.1,10.46,13.32,2.66,2,2023-11-04 01:00:00
403.88,0.2,25.02,21.82,1.97,11.0,13.63,2.82,2,2023-11-04 02:00:00
410.56,0.28,24.33,17.88,1.33,11.41,13.99,2.82,2,2023-11-04 03:00:00
433.92,0.8,26.39,11.18,0.98,12.47,15.12,2.98,2,2023-11-04 04:00:00
460.62,2.49,28.45,3.84,0.77,13.61,16.31,2.85,2,2023-11-04 05:00:00
460.62,4.02,26.73,1.2,0.69,13.24,15.71,1.82,2,2023-11-04 06:00:00
440.6,4.08,24.33,0.65,0.58,12.4,14.6,0.9,2,2023-11-04 07:00:00
427.25,4.41,23.31,0.3,0.54,12.3,14.31,0.62,2,2023-11-04 08:00:00
427.25,4.97,22.96,0.22,0.55,12.62,14.58,0.7,2,2023-11-04 09:00:00
423.91,4.81,22.62,0.35,0.61,12.94,14.94,0.91,2,2023-11-04 10:00:00
417.23,4.58,22.28,0.49,0.68,13.18,15.32,1.06,2,2023-11-04 11:00:00
427.25,5.59,22.28,0.42,0.77,13.88,16.18,1.28,2,2023-11-04 12:00:00
473.98,11.51,22.96,0.15,0.81,15.9,18.49,1.84,2,2023-11-04 13:00:00
567.44,24.59,23.31,0.55,0.86,18.71,21.61,2.15,2,2023-11-04 14:00:00
660.9,38.89,21.59,3.84,1.04,21.45,24.56,2.22,2,2023-11-04 15:00:00
574.11,27.49,21.59,11.44,1.62,20.04,22.88,1.98,2,2023-11-04 16:00:00
527.38,21.01,20.73,18.42,2.09,19.43,22.27,2.15,2,2023-11-04 17:00:00
494.0,16.32,19.71,24.32,2.71,18.65,21.57,2.15,2,2023-11-04 18:00:00
360.49,4.97,12.51,53.64,4.47,14.86,17.43,1.54,2,2023-11-04 19:00:00
313.76,2.4,8.14,65.09,3.34,10.79,12.74,1.44,2,2023-11-04 20:00:00
293.73,1.47,6.51,70.1,2.53,7.49,9.04,1.47,2,2023-11-04 21:00:00
333.79,2.51,14.74,54.36,1.88,7.76,9.23,1.77,1,2023-11-04 22:00:00
427.25,2.77,32.9,23.96,1.48,9.34,10.97,2.47,1,2023-11-04 23:00:00
494.0,3.91,43.87,3.93,1.3,10.69,12.56,3.1,2,2023-11-05 00:00:00
514.03,6.59,41.47,1.26,1.16,11.83,14.0,3.61,2,2023-11-05 01:00:00
487.33,5.59,35.3,1.48,0.92,12.22,14.46,3.29,2,2023-11-05 02:00:00
423.91,1.9,28.1,5.99,0.68,11.54,13.6,1.82,2,2023-11-05 03:00:00
343.8,0.03,15.25,31.47,1.04,11.95,13.75,0.79,2,2023-11-05 04:00:00
323.77,0.01,12.0,36.48,0.97,12.29,13.75,0.56,2,2023-11-05 05:00:00
307.08,0.01,10.02,38.98,0.72,11.17,12.16,0.39,2,2023-11-05 06:00:00
287.06,0.0,8.23,41.48,0.56,9.25,9.91,0.32,1,2023-11-05 07:00:00
277.04,0.0,6.94,43.63,0.5,7.97,8.48,0.29,1,2023-11-05 08:00:00
270.37,0.0,6.17,43.63,0.47,7.72,8.16,0.28,1,2023-11-05 09:00:00
267.03,0.0,5.74,43.27,0.66,7.87,8.31,0.25,1,2023-11-05 10:00:00
263.69,0.0,5.44,43.27,1.12,7.67,8.11,0.2,1,2023-11-05 11:00:00
260.35,0.0,5.48,43.99,1.33,6.82,7.25,0.21,1,2023-11-05 12:00:00
263.69,0.01,7.2,43.27,1.42,6.34,6.82,0.28,1,2023-11-05 13:00:00
277.04,0.18,9.08,41.13,1.74,6.89,7.5,0.4,1,2023-11-05 14:00:00
280.38,1.17,7.37,44.35,1.94,7.87,8.58,0.53,1,2023-11-05 15:00:00
273.7,1.29,4.8,52.93,1.65,8.13,8.88,0.61,1,2023-11-05 16:00:00
273.7,1.29,3.98,55.79,1.34,7.98,8.72,0.72,1,2023-11-05 17:00:00
273.7,1.08,3.43,60.08,1.21,7.87,8.64,0.77,2,2023-11-05 18:00:00
257.02,0.51,2.23,75.82,0.79,6.56,7.74,0.56,2,2023-11-05 19:00:00
247.0,0.32,1.76,82.25,0.63,5.84,7.2,0.48,2,2023-11-05 20:00:00
243.66,0.22,1.74,82.25,0.63,5.79,7.11,0.46,2,2023-11-05 21:00:00
247.0,0.16,2.16,80.82,0.73,6.69,8.05,0.49,2,2023-11-05 22:00:00
250.34,0.04,3.08,77.96,0.82,8.12,9.55,0.55,2,2023-11-05 23:00:00
253.68,0.0,3.64,75.1,0.8,9.26,10.9,0.61,2,2023-11-06 00:00:00
253.68,0.0,3.68,74.39,0.83,10.05,11.91,0.63,2,2023-11-06 01:00:00
253.68,0.0,3.3,74.39,0.92,10.3,12.23,0.63,2,2023-11-06 02:00:00
250.34,0.0,2.96,72.24,0.97,10.61,12.64,0.67,2,2023-11-06 03:00:00
250.34,0.0,2.96,70.1,0.79,10.41,12.67,0.8,2,2023-11-06 04:00:00
250.34,0.0,3.08,68.66,0.66,9.81,12.33,0.91,2,2023-11-06 05:00:00
247.0,0.0,2.96,67.23,0.59,9.48,12.12,0.93,2,2023-11-06 06:00:00
247.0,0.0,3.26,62.94,0.55,9.53,12.04,0.93,2,2023-11-06 07:00:00
247.0,0.0,3.64,57.94,0.55,9.52,11.76,0.96,1,2023-11-06 08:00:00
247.0,0.0,3.86,54.36,0.6,9.54,11.92,1.14,1,2023-11-06 09:00:00
247.0,0.0,3.73,54.36,0.6,9.07,12.17,1.46,1,2023-11-06 10:00:00
240.33,0.0,3.73,57.22,0.69,8.15,11.93,1.61,1,2023-11-06 11:00:00
236.99,0.0,4.41,58.65,0.75,6.86,10.74,1.65,1,2023-11-06 12:00:00
250.34,0.0,7.88,55.79,0.8,5.76,9.01,1.79,1,2023-11-06 13:00:00
277.04,0.1,12.34,50.78,0.85,4.86,7.41,1.9,1,2023-11-06 14:00:00
283.72,1.17,12.34,48.64,0.91,4.09,6.16,1.85,1,2023-11-06 15:00:00
273.7,2.32,9.25,50.78,1.07,3.32,4.97,1.68,1,2023-11-06 16:00:00
267.03,2.57,7.54,52.93,1.33,2.81,4.17,1.57,1,2023-11-06 17:00:00
257.02,2.32,6.68,57.94,1.62,2.43,3.58,1.47,1,2023-11-06 18:00:00
233.65,1.22,4.28,70.1,1.19,1.35,2.03,0.86,2,2023-11-06 19:00:00
226.97,0.89,3.9,75.82,1.09,1.03,1.54,0.66,2,2023-11-06 20:00:00
226.97,0.71,4.41,79.39,1.12,0.95,1.41,0.62,2,2023-11-06 21:00:00
300.41,1.87,17.48,57.94,1.22,2.09,2.77,1.42,1,2023-11-06 22:00:00
440.6,2.63,41.81,19.31,1.31,4.17,5.25,2.6,2,2023-11-06 23:00:00
560.76,11.51,52.78,0.73,1.39,6.25,7.74,3.64,2,2023-11-07 00:00:00
674.25,26.6,54.15,0.01,1.67,9.36,11.32,4.81,2,2023-11-07 01:00:00
754.36,34.87,58.26,0.0,1.91,12.86,15.26,5.45,2,2023-11-07 02:00:00
781.06,38.0,58.95,0.0,1.97,15.42,18.11,5.45,2,2023-11-07 03:00:00
754.36,33.53,58.95,0.0,1.94,16.1,18.98,5.32,2,2023-11-07 04:00:00
707.63,26.82,60.32,0.0,2.0,15.24,18.24,5.57,2,2023-11-07 05:00:00
634.19,18.1,61.01,0.01,2.0,12.94,15.94,5.57,2,2023-11-07 06:00:00
527.38,9.5,53.47,0.16,1.58,10.08,13.13,4.37,2,2023-11-07 07:00:00
420.57,3.97,38.39,1.03,0.97,6.85,9.71,2.41,1,2023-11-07 08:00:00
350.48,1.45,26.05,3.58,0.69,5.18,7.53,1.2,1,2023-11-07 09:00:00
320.43,0.7,20.73,6.53,0.66,4.85,6.57,0.71,1,2023-11-07 10:00:00
310.42,0.47,18.51,8.94,0.64,4.83,6.08,0.55,1,2023-11-07 11:00:00
303.75,0.36,17.14,11.98,0.62,4.65,5.63,0.54,1,2023-11-07 12:00:00
297.07,0.19,15.42,20.74,0.66,4.04,4.93,0.74,1,2023-11-07 13:00:00
303.75,0.34,16.62,25.39,0.75,3.77,4.7,1.12,1,2023-11-07 14:00:00
293.73,1.82,13.02,33.26,1.1,3.51,4.46,1.33,1,2023-11-07 15:00:00
260.35,1.26,7.88,45.78,1.91,2.98,3.85,1.16,1,2023-11-07 16:00:00
250.34,1.06,6.17,50.78,2.29,2.86,3.69,1.08,1,2023-11-07 17:00:00
243.66,0.82,5.48,54.36,2.68,2.97,3.82,1.0,1,2023-11-07 18:00:00
233.65,0.6,4.88,64.37,4.47,3.92,5.06,0.66,2,2023-11-07 19:00:00
230.31,0.61,4.5,70.1,4.83,5.04,6.44,0.57,2,2023-11-07 20:00:00
226.97,0.57,4.37,72.24,4.95,6.17,7.78,0.59,2,2023-11-07 21:00:00
233.65,0.49,5.83,68.66,4.59,7.1,8.76,0.68,2,2023-11-07 22:00:00
250.34,0.15,8.48,59.37,3.52,8.02,9.69,0.84,1,2023-11-07 23:00:00
263.69,0.0,10.88,50.78,2.68,8.97,10.74,0.9,1,2023-11-08 00:00:00
270.37,0.0,11.82,46.49,1.91,9.6,11.4,0.84,1,2023-11-08 01:00:00
273.7,0.0,11.48,45.06,1.37,10.25,12.11,0.83,2,2023-11-08 02:00:00
273.7,0.0,10.45,45.42,1.19,11.0,12.94,0.84,2,2023-11-08 03:00:00
277.04,0.01,11.48,42.56,1.37,11.6,13.38,0.84,2,2023-11-08 04:00:00
287.06,0.01,13.71,36.84,1.39,11.45,12.94,0.76,2,2023-11-08 05:00:00
280.38,0.01,12.68,35.41,1.28,10.28,11.49,0.59,2,2023-11-08 06:00:00
270.37,0.01,10.71,35.76,1.09,9.32,10.36,0.51,1,2023-11-08 07:00:00
260.35,0.01,9.25,35.05,0.86,8.68,9.64,0.47,1,2023-11-08 08:00:00
253.68,0.01,8.48,33.97,0.7,8.21,9.11,0.44,1,2023-11-08 09:00:00
250.34,0.01,8.23,32.9,0.65,7.95,8.83,0.43,1,2023-11-08 10:00:00
253.68,0.01,8.57,31.83,0.68,7.8,8.68,0.42,1,2023-11-08 11:00:00
257.02,0.02,9.51,31.11,0.8,7.81,8.72,0.46,1,2023-11-08 12:00:00
270.37,0.03,11.48,31.47,1.09,7.85,8.8,0.68,1,2023-11-08 13:00:00
297.07,0.13,15.77,24.68,1.13,7.8,8.75,0.84,1,2023-11-08 14:00:00
297.07,0.25,15.08,21.82,1.01,6.94,7.85,0.86,1,2023-11-08 15:00:00
277.04,0.88,9.68,29.68,1.28,6.08,6.94,0.97,1,2023-11-08 16:00:00
273.7,2.01,7.54,35.05,3.19,6.17,7.01,1.09,1,2023-11-08 17:00:00
270.37,2.57,6.43,42.56,6.08,6.91,7.86,1.31,1,2023-11-08 18:00:00
236.99,0.98,3.26,69.38,4.53,5.0,5.81,0.7,2,2023-11-08 19:00:00
230.31,0.75,2.96,75.1,4.23,3.45,4.11,0.5,2,2023-11-08 20:00:00
226.97,0.54,2.7,74.39,2.06,2.2,2.86,0.47,2,2023-11-08 21:00:00
226.97,0.3,2.87,70.1,0.78,1.58,2.26,0.55,2,2023-11-08 22:00:00
233.65,0.07,4.2,67.23,0.63,1.42,2.28,0.79,2,2023-11-08 23:00:00
240.33,0.0,5.1,62.94,0.54,1.22,2.05,1.06,2,2023-11-09 00:00:00
236.99,0.0,4.88,66.52,0.47,1.03,1.75,1.16,2,2023-11-09 01:00:00
236.99,0.0,4.37,69.38,0.44,0.84,1.65,1.14,2,2023-11-09 02:00:00
240.33,0.0,3.98,66.52,0.44,0.73,1.44,1.06,2,2023-11-09 03:00:00
247.0,0.0,4.2,61.51,0.48,0.69,1.15,1.03,2,2023-11-09 04:00:00
250.34,0.0,4.37,58.65,0.53,0.64,0.98,1.08,1,2023-11-09 05:00:00
247.0,0.0,3.94,57.22,0.55,0.51,0.76,1.12,1,2023-11-09 06:00:00
250.34,0.0,4.24,54.36,0.52,0.58,0.81,1.28,1,2023-11-09 07:00:00
253.68,0.0,4.88,52.21,0.5,0.77,1.04,1.46,1,2023-11-09 08:00:00
257.02,0.0,5.44,50.78,0.52,0.96,1.27,1.54,1,2023-11-09 09:00:00
257.02,0.0,5.83,50.07,0.54,1.07,1.45,1.55,1,2023-11-09 10:00:00
257.02,0.0,6.17,48.64,0.55,1.14,1.55,1.58,1,2023-11-09 11:00:00
263.69,0.01,7.28,46.49,0.54,1.27,1.72,1.73,1,2023-11-09 12:00:00
287.06,0.03,12.51,38.98,0.56,1.94,2.53,2.25,1,2023-11-09 13:00:00
323.77,0.52,18.85,31.11,0.59,2.5,3.29,2.79,1,2023-11-09 14:00:00
323.77,2.93,15.59,36.12,0.62,2.23,3.12,2.72,1,2023-11-09 15:00:00
287.06,3.07,9.51,47.92,0.67,1.53,2.38,2.25,1,2023-11-09 16:00:00
273.7,2.96,7.45,52.21,0.72,1.27,2.1,1.98,1,2023-11-09 17:00:00
270.37,2.99,6.94,53.64,0.8,1.23,2.03,1.84,1,2023-11-09 18:00:00
223.64,0.56,2.12,83.68,0.56,0.58,1.4,0.5,2,2023-11-09 19:00:00
216.96,0.33,1.63,87.98,0.6,0.71,2.04,0.36,2,2023-11-09 20:00:00
216.96,0.27,1.8,87.26,0.77,0.86,2.59,0.39,2,2023-11-09 21:00:00
220.3,0.22,2.78,85.12,1.3,1.11,2.85,0.49,2,2023-11-09 22:00:00
230.31,0.08,4.54,82.25,2.06,1.57,3.77,0.65,2,2023-11-09 23:00:00
236.99,0.0,5.48,78.68,1.64,1.59,3.76,0.93,2,2023-11-10 00:00:00
243.66,0.0,6.08,77.25,1.15,1.55,3.36,1.16,2,2023-11-10 01:00:00
250.34,0.0,6.6,75.1,0.91,1.56,2.84,1.3,2,2023-11-10 02:00:00
257.02,0.0,6.6,72.24,0.74,1.41,2.25,1.38,2,2023-11-10 03:00:00
263.69,0.0,7.28,67.95,0.71,1.45,2.12,1.47,2,2023-11-10 04:00:00
267.03,0.0,7.54,64.37,0.68,1.38,1.96,1.52,2,2023-11-10 05:00:00
260.35,0.0,6.43,62.94,0.64,1.03,1.48,1.44,2,2023-11-10 06:00:00
253.68,0.0,5.44,60.8,0.61,0.83,1.18,1.42,2,2023-11-10 07:00:00
250.34,0.0,4.97,59.37,0.61,0.8,1.1,1.46,1,2023-11-10 08:00:00
250.34,0.0,4.88,57.22,0.63,0.82,1.11,1.54,1,2023-11-10 09:00:00
253.68,0.0,5.14,54.36,0.58,0.93,1.23,1.52,1,2023-11-10 10:00:00
260.35,0.0,6.17,49.35,0.54,1.15,1.51,1.27,1,2023-11-10 11:00:00
270.37,0.01,8.48,42.92,0.59,1.55,1.99,1.16,1,2023-11-10 12:00:00
317.1,0.11,16.62,31.83,0.72,2.85,3.5,1.73,1,2023-11-10 13:00:00
383.85,1.12,26.73,20.74,0.83,4.26,5.17,2.37,1,2023-11-10 14:00:00
410.56,6.2,23.65,25.03,1.12,4.61,5.66,2.98,1,2023-11-10 15:00:00
363.83,6.43,15.08,37.91,1.76,3.46,4.34,2.72,1,2023-11-10 16:00:00
353.81,6.76,12.85,42.2,2.35,3.53,4.39,2.56,1,2023-11-10 17:00:00
343.8,6.82,12.51,46.49,3.13,4.13,5.0,2.41,1,2023-11-10 18:00:00
300.41,3.91,8.74,56.51,2.32,2.88,3.54,1.55,1,2023-11-10 19:00:00
287.06,2.96,8.23,61.51,2.18,2.7,3.37,1.25,2,2023-11-10 20:00:00
287.06,2.57,9.42,62.23,2.38,2.95,3.75,1.23,2,2023-11-10 21:00:00
320.43,2.85,17.14,52.93,2.59,3.91,4.91,1.58,1,2023-11-10 22:00:00
373.84,1.51,31.53,33.62,2.68,4.88,6.15,2.15,1,2023-11-10 23:00:00
400.54,0.29,37.01,22.17,3.01,4.93,6.42,2.41,1,2023-11-11 00:00:00
390.53,0.27,33.24,21.64,3.25,4.87,6.46,2.37,1,2023-11-11 01:00:00
360.49,0.14,27.76,25.03,3.87,4.55,6.11,2.22,1,2023-11-11 02:00:00
330.45,0.06,22.96,29.68,6.14,4.25,5.62,1.87,1,2023-11-11 03:00:00
297.07,0.01,17.14,38.62,5.48,3.65,4.67,1.46,1,2023-11-11 04:00:00
287.06,0.01,13.02,43.63,2.92,2.84,3.6,1.46,1,2023-11-11 05:00:00
277.04,0.0,9.51,47.92,1.91,2.11,2.68,1.41,1,2023-11-11 06:00:00
270.37,0.0,7.03,51.5,1.46,1.86,2.32,1.31,1,2023-11-11 07:00:00
267.03,0.0,6.34,52.21,1.39,2.05,2.5,1.3,1,2023-11-11 08:00:00
270.37,0.0,6.68,51.5,1.89,3.08,3.61,1.17,1,2023-11-11 09:00:00
273.7,0.0,7.28,50.07,2.89,4.76,5.44,0.97,1,2023-11-11 10:00:00
277.04,0.0,7.63,49.35,3.43,6.38,7.17,0.8,1,2023-11-11 11:00:00
277.04,0.0,8.14,47.92,3.49,7.53,8.39,0.66,1,2023-11-11 12:00:00
283.72,0.0,10.11,46.49,3.61,7.77,8.69,0.73,1,2023-11-11 13:00:00
293.73,0.02,11.82,47.21,3.43,7.17,8.13,0.86,1,2023-11-11 14:00:00
283.72,0.35,10.62,52.21,2.89,5.09,6.1,1.03,1,2023-11-11 15:00:00
263.69,0.58,6.43,62.23,2.32,3.53,4.64,1.04,2,2023-11-11 16:00:00
250.34,0.66,4.2,67.95,2.03,3.16,4.33,0.97,2,2023-11-11 17:00:00
240.33,0.69,3.3,69.38,1.74,2.77,3.92,0.95,2,2023-11-11 18:00:00
236.99,0.66,2.96,69.38,1.46,2.53,3.55,0.91,2,2023-11-11 19:00:00
236.99,0.61,3.13,68.66,1.33,2.46,3.31,0.93,2,2023-11-11 20:00:00
236.99,0.5,3.38,67.95,1.27,2.43,3.21,0.94,2,2023-11-11 21:00:00
233.65,0.3,3.81,69.38,1.15,2.45,3.12,0.89,2,2023-11-11 22:00:00
236.99,0.07,4.41,70.81,0.94,2.68,3.2,0.82,2,2023-11-11 23:00:00
240.33,0.0,4.97,69.38,1.0,3.17,3.67,0.82,2,2023-11-12 00:00:00
243.66,0.0,5.83,65.09,1.67,3.41,4.07,0.96,2,2023-11-12 01:00:00
243.66,0.0,6.43,60.8,2.38,3.19,4.01,1.11,2,2023-11-12 02:00:00
243.66,0.0,6.0,60.08,2.32,2.99,3.85,1.2,2,2023-11-12 03:00:00
243.66,0.0,5.65,58.65,2.06,2.94,3.8,1.27,1,2023-11-12 04:00:00
243.66,0.0,5.48,57.22,1.91,3.01,3.82,1.3,1,2023-11-12 05:00:00
240.33,0.0,4.71,57.22,1.55,3.13,3.88,1.28,1,2023-11-12 06:00:00
236.99,0.0,3.64,60.8,1.03,3.31,3.99,1.2,2,2023-11-12 07:00:00
233.65,0.0,3.08,63.66,0.85,3.32,3.96,1.14,2,2023-11-12 08:00:00
230.31,0.0,3.04,62.94,0.84,3.33,3.95,1.14,2,2023-11-12 09:00:00
233.65,0.0,3.17,60.08,0.84,3.37,3.99,1.2,2,2023-11-12 10:00:00
236.99,0.0,3.43,57.94,0.8,3.45,4.07,1.27,1,2023-11-12 11:00:00
236.99,0.0,3.81,55.79,0.75,3.56,4.19,1.35,1,2023-11-12 12:00:00
243.66,0.0,5.14,53.64,0.71,3.72,4.4,1.46,1,2023-11-12 13:00:00
250.34,0.04,6.6,51.5,0.69,3.7,4.45,1.57,1,2023-11-12 14:00:00
250.34,0.63,6.08,52.21,0.69,3.53,4.43,1.61,1,2023-11-12 15:00:00
247.0,1.1,4.58,55.79,0.69,3.29,4.5,1.52,1,2023-11-12 16:00:00
243.66,1.26,3.94,57.94,0.72,3.18,4.83,1.42,1,2023-11-12 17:00:00
243.66,1.26,3.68,61.51,0.78,3.35,5.45,1.35,2,2023-11-12 18:00:00
240.33,1.15,3.64,66.52,0.86,3.71,6.19,1.28,2,2023-11-12 19:00:00
243.66,1.05,3.98,70.1,1.0,4.19,7.52,1.33,2,2023-11-12 20:00:00
247.0,0.89,4.46,72.24,1.19,4.7,9.85,1.49,2,2023-11-12 21:00:00
293.73,1.65,12.51,57.22,1.27,6.02,12.77,1.92,1,2023-11-12 22:00:00
377.18,1.22,27.76,30.4,1.12,7.68,15.1,2.53,1,2023-11-12 23:00:00
447.27,1.1,38.39,12.16,0.9,9.05,16.95,3.13,1,2023-11-13 00:00:00
480.65,2.63,40.1,5.45,0.78,10.61,19.27,3.58,2,2023-11-13 01:00:00
453.95,1.55,35.64,8.49,0.69,11.34,20.54,3.42,2,2023-11-13 02:00:00
393.87,0.28,27.08,19.67,0.57,10.51,18.67,3.04,2,2023-11-13 03:00:00
357.15,0.07,21.08,28.25,0.5,8.99,14.67,2.79,1,2023-11-13 04:00:00
340.46,0.05,18.68,30.4,0.47,7.54,11.18,2.63,1,2023-11-13 05:00:00
317.1,0.02,14.74,33.62,0.45,5.72,8.12,2.37,1,2023-11-13 06:00:00
303.75,0.02,13.19,33.62,0.5,4.74,6.52,2.28,1,2023-11-13 07:00:00
303.75,0.04,13.71,28.61,0.56,4.72,6.3,2.28,1,2023-11-13 08:00:00
310.42,0.08,14.74,23.25,0.64,5.02,6.59,2.34,1,2023-11-13 09:00:00
313.76,0.15,15.59,18.24,0.72,5.36,6.98,2.5,1,2023-11-13 10:00:00
323.77,0.32,17.14,13.41,0.83,5.71,7.41,2.69,1,2023-11-13 11:00:00
350.48,1.2,21.25,6.79,1.01,6.76,8.6,2.94,1,2023-11-13 12:00:00
447.27,9.72,26.73,0.67,1.24,10.0,12.23,3.93,1,2023-11-13 13:00:00
607.49,28.61,29.82,0.25,1.43,14.54,17.28,5.13,2,2023-11-13 14:00:00
727.65,46.04,28.79,3.31,1.61,17.91,21.04,5.64,2,2023-11-13 15:00:00
707.63,44.26,26.05,7.96,1.79,17.0,20.25,5.07,2,2023-11-13 16:00:00
634.19,36.66,23.99,12.16,2.06,14.97,18.12,4.37,2,2023-11-13 17:00:00
547.41,26.38,21.42,17.17,2.06,11.7,14.71,3.77,2,2023-11-13 18:00:00
313.76,4.81,13.02,60.08,6.85,4.13,6.15,1.61,2,2023-11-13 19:00:00
257.02,1.72,7.03,76.53,5.36,2.45,3.94,0.98,2,2023-11-13 20:00:00
236.99,0.91,5.27,82.97,4.71,1.92,3.24,0.74,2,2023-11-13 21:00:00
240.33,0.61,6.77,80.11,4.77,1.85,3.14,0.79,2,2023-11-13 22:00:00
253.68,0.18,10.02,72.96,4.05,1.94,3.14,1.01,2,2023-11-13 23:00:00
267.03,0.0,12.17,67.23,3.25,2.06,3.12,1.22,2,2023-11-14 00:00:00
270.37,0.0,12.0,64.37,2.18,2.2,3.17,1.36,2,2023-11-14 01:00:00
267.03,0.0,10.54,64.37,1.51,2.24,3.12,1.38,2,2023-11-14 02:00:00
260.35,0.0,9.08,65.09,1.34,2.26,3.06,1.3,2,2023-11-14 03:00:00
257.02,0.0,7.71,65.8,1.3,2.46,3.28,1.22,2,2023-11-14 04:00:00
260.35,0.0,7.97,62.94,2.03,2.93,3.82,1.23,2,2023-11-14 05:00:00
263.69,0.0,7.8,60.08,3.16,3.31,4.19,1.23,2,2023-11-14 06:00:00
263.69,0.0,7.28,58.65,3.67,3.7,4.55,1.22,1,2023-11-14 07:00:00
263.69,0.0,6.85,57.22,3.52,4.06,4.88,1.22,1,2023-11-14 08:00:00
267.03,0.0,6.6,55.79,3.1,4.47,5.32,1.25,1,2023-11-14 09:00:00
267.03,0.0,6.51,53.64,2.92,4.9,5.85,1.28,1,2023-11-14 10:00:00
267.03,0.0,6.51,51.5,2.92,5.32,6.41,1.3,1,2023-11-14 11:00:00
267.03,0.0,6.6,50.78,2.83,5.69,6.92,1.35,1,2023-11-14 12:00:00
273.7,0.0,7.88,50.07,2.65,6.15,7.58,1.44,1,2023-11-14 13:00:00
277.04,0.05,9.17,50.07,2.44,6.63,8.33,1.52,1,2023-11-14 14:00:00
273.7,0.71,7.88,52.21,2.21,7.21,9.13,1.49,1,2023-11-14 15:00:00
263.69,1.16,5.57,55.79,2.12,7.76,9.7,1.22,1,2023-11-14 16:00:00
260.35,1.17,4.5,59.37,2.38,8.49,10.35,0.94,1,2023-11-14 17:00:00
253.68,0.91,3.64,67.23,2.74,9.54,11.25,0.63,2,2023-11-14 18:00:00
236.99,0.42,2.25,85.12,1.85,8.53,9.58,0.35,2,2023-11-14 19:00:00
226.97,0.29,1.93,91.55,1.1,6.69,7.32,0.29,2,2023-11-14 20:00:00
223.64,0.22,1.93,94.41,0.83,5.83,6.31,0.31,2,2023-11-14 21:00:00
223.64,0.12,2.48,94.41,0.79,5.56,6.01,0.38,2,2023-11-14 22:00:00
230.31,0.02,3.51,90.84,0.79,5.65,6.1,0.49,2,2023-11-14 23:00:00
233.65,0.0,4.28,88.69,0.79,6.09,6.56,0.62,2,2023-11-15 00:00:00
240.33,0.0,4.63,86.55,0.86,6.6,7.12,0.72,2,2023-11-15 01:00:00
240.33,0.0,4.46,85.83,0.92,6.95,7.52,0.78,2,2023-11-15 02:00:00
240.33,0.0,4.16,85.12,0.95,6.94,7.51,0.84,2,2023-11-15 03:00:00
240.33,0.0,4.33,83.68,1.0,6.9,7.47,0.93,2,2023-11-15 04:00:00
243.66,0.0,4.8,80.11,1.01,6.88,7.46,1.03,2,2023-11-15 05:00:00
243.66,0.0,4.67,77.25,0.97,6.71,7.26,1.08,2,2023-11-15 06:00:00
247.0,0.0,5.36,72.24,0.82,6.67,7.23,1.2,2,2023-11-15 07:00:00
250.34,0.0,6.34,64.37,0.67,6.7,7.28,1.35,2,2023-11-15 08:00:00
257.02,0.0,7.28,57.22,0.6,6.7,7.32,1.46,1,2023-11-15 09:00:00
260.35,0.0,8.48,50.07,0.55,6.66,7.32,1.55,1,2023-11-15 10:00:00
267.03,0.01,10.02,42.2,0.53,6.56,7.28,1.46,1,2023-11-15 11:00:00
280.38,0.03,12.51,34.33,0.51,6.59,7.41,1.09,1,2023-11-15 12:00:00
333.79,0.36,21.59,20.03,0.57,7.93,9.13,1.12,1,2023-11-15 13:00:00
423.91,4.14,31.53,5.28,0.71,9.89,11.72,1.47,1,2023-11-15 14:00:00
480.65,14.19,26.39,7.69,1.0,11.11,13.75,1.73,2,2023-11-15 15:00:00
440.6,14.31,20.56,17.34,2.12,10.36,13.93,1.92,2,2023-11-15 16:00:00
440.6,16.32,19.88,21.28,2.98,10.47,14.21,2.34,2,2023-11-15 17:00:00
447.27,16.99,20.73,23.96,3.67,10.67,14.19,2.56,2,2023-11-15 18:00:00
367.16,10.62,19.88,38.27,15.14,9.69,14.15,2.12,1,2023-11-15 19:00:00
327.11,6.71,17.31,47.21,14.78,9.36,13.76,1.85,1,2023-11-15 20:00:00
300.41,3.49,13.19,53.64,8.46,8.46,12.02,1.74,1,2023-11-15 21:00:00
303.75,1.93,14.22,51.5,4.29,8.01,10.93,1.92,1,2023-11-15 22:00:00
323.77,0.53,18.85,42.56,2.15,7.89,10.4,2.18,1,2023-11-15 23:00:00
333.79,0.02,19.71,39.34,1.07,7.56,9.84,2.28,1,2023-11-16 00:00:00
330.45,0.01,18.85,40.05,1.13,7.45,9.48,2.31,1,2023-11-16 01:00:00
320.43,0.01,17.48,40.77,1.34,7.52,9.23,2.28,1,2023-11-16 02:00:00
303.75,0.0,14.05,43.99,0.86,7.5,8.94,2.12,1,2023-11-16 03:00:00
280.38,0.0,9.77,48.64,1.09,7.4,8.9,1.88,1,2023-11-16 04:00:00
270.37,0.0,8.05,50.07,1.62,7.34,8.96,1.66,1,2023-11-16 05:00:00
260.35,0.0,6.0,53.64,1.25,6.98,8.53,1.39,1,2023-11-16 06:00:00
257.02,0.0,4.24,57.94,0.65,6.78,8.1,1.2,1,2023-11-16 07:00:00
253.68,0.0,3.51,60.08,0.5,6.64,7.72,1.06,2,2023-11-16 08:00:00
250.34,0.0,3.0,61.51,0.49,6.28,7.22,0.97,2,2023-11-16 09:00:00
243.66,0.0,2.61,63.66,0.51,5.91,6.69,0.89,2,2023-11-16 10:00:00
240.33,0.0,2.61,66.52,0.74,6.29,6.96,0.87,2,2023-11-16 11:00:00
243.66,0.0,2.96,70.1,1.16,7.4,8.04,0.88,2,2023-11-16 12:00:00
247.0,0.0,4.2,71.53,1.52,8.56,9.19,0.95,2,2023-11-16 13:00:00
253.68,0.0,5.36,72.24,1.53,9.2,9.83,0.99,2,2023-11-16 14:00:00
253.68,0.08,5.14,72.24,1.3,9.2,9.83,0.95,2,2023-11-16 15:00:00
247.0,0.21,3.94,73.67,1.0,8.56,9.19,0.87,2,2023-11-16 16:00:00
243.66,0.29,3.08,75.1,0.82,7.82,8.47,0.81,2,2023-11-16 17:00:00
240.33,0.29,2.57,76.53,0.73,7.55,8.25,0.74,2,2023-11-16 18:00:00
240.33,0.23,2.57,77.96,0.7,8.11,8.95,0.71,2,2023-11-16 19:00:00
247.0,0.22,3.04,77.96,0.8,9.06,10.0,0.76,2,2023-11-16 20:00:00
253.68,0.17,3.56,76.53,0.83,9.36,10.36,0.83,2,2023-11-16 21:00:00
270.37,0.15,7.45,67.95,0.82,9.21,10.28,1.09,2,2023-11-16 22:00:00
303.75,0.04,14.91,52.21,0.69,8.59,9.85,1.54,1,2023-11-16 23:00:00
340.46,0.03,22.62,37.19,0.6,7.45,9.23,1.93,1,2023-11-17 00:00:00
367.16,0.08,26.73,28.61,0.67,7.14,10.79,2.22,1,2023-11-17 01:00:00
337.12,0.02,18.34,43.27,0.76,9.05,19.8,2.22,1,2023-11-17 02:00:00
283.72,0.0,8.74,65.8,1.3,9.17,17.37,1.71,2,2023-11-17 03:00:00
267.03,0.0,5.48,69.38,3.25,7.53,11.64,1.22,2,2023-11-17 04:00:00
267.03,0.0,6.08,66.52,4.41,7.43,11.3,1.14,2,2023-11-17 05:00:00
263.69,0.0,6.0,63.66,4.77,6.16,8.91,1.03,2,2023-11-17 06:00:00
260.35,0.0,5.83,61.51,4.95,4.1,5.62,0.98,2,2023-11-17 07:00:00
253.68,0.0,5.57,62.94,5.01,2.54,3.34,0.96,2,2023-11-17 08:00:00
247.0,0.0,5.27,64.37,4.89,1.67,2.18,1.03,2,2023-11-17 09:00:00
247.0,0.0,4.97,65.8,4.05,1.32,1.73,1.19,2,2023-11-17 10:00:00
247.0,0.0,4.71,65.09,2.59,1.24,1.61,1.42,2,2023-11-17 11:00:00
253.68,0.0,4.93,63.66,1.58,1.26,1.6,1.65,2,2023-11-17 12:00:00
267.03,0.0,7.45,59.37,1.46,1.5,1.87,1.88,1,2023-11-17 13:00:00
287.06,0.06,11.31,53.64,1.97,1.78,2.23,2.03,1,2023-11-17 14:00:00
297.07,1.27,12.34,52.21,2.95,1.96,2.54,2.01,1,2023-11-17 15:00:00
293.73,3.1,11.48,53.64,4.89,2.09,2.81,1.88,1,2023-11-17 16:00:00
293.73,4.47,11.82,54.36,7.09,2.45,3.33,1.82,1,2023-11-17 17:00:00
297.07,5.53,12.85,55.07,8.82,3.19,4.21,1.8,1,2023-11-17 18:00:00
300.41,5.25,12.85,58.65,8.7,4.09,5.08,1.58,1,2023-11-17 19:00:00
293.73,3.8,11.65,64.37,7.21,3.99,4.86,1.3,2,2023-11-17 20:00:00
280.38,2.46,10.37,68.66,5.36,2.93,3.68,1.2,2,2023-11-17 21:00:00
340.46,3.21,20.91,52.21,3.58,3.2,4.07,1.92,1,2023-11-17 22:00:00
453.95,2.85,42.84,20.38,2.41,4.94,6.13,2.94,2,2023-11-17 23:00:00
527.38,6.43,51.41,2.77,1.86,6.15,7.68,3.86,2,2023-11-18 00:00:00
580.79,14.75,47.98,0.28,1.77,8.16,10.06,4.75,2,2023-11-18 01:00:00
587.46,15.65,44.55,0.2,1.49,9.59,11.76,4.75,2,2023-11-18 02:00:00
540.73,10.62,42.16,0.56,1.16,9.47,11.71,4.24,2,2023-11-18 03:00:00
487.33,5.42,39.41,2.08,1.03,8.27,10.36,3.64,1,2023-11-18 04:00:00
440.6,2.21,37.01,5.59,0.98,6.85,8.64,3.1,1,2023-11-18 05:00:00
407.22,0.47,32.22,12.7,0.83,5.35,6.74,2.5,1,2023-11-18 06:00:00
380.52,0.06,26.05,20.38,0.55,4.48,5.58,2.15,1,2023-11-18 07:00:00
370.5,0.03,22.62,22.17,0.39,4.57,5.56,2.03,1,2023-11-18 08:00:00
357.15,0.03,20.22,21.46,0.35,4.66,5.6,1.87,1,2023-11-18 09:00:00
347.14,0.06,18.16,19.31,0.33,4.42,5.31,1.3,1,2023-11-18 10:00:00
343.8,0.15,17.31,15.38,0.31,4.3,5.17,0.72,1,2023-11-18 11:00:00
347.14,0.42,17.82,11.27,0.32,4.59,5.52,0.53,1,2023-11-18 12:00:00
393.87,2.99,22.62,3.89,0.37,6.07,7.28,0.76,1,2023-11-18 13:00:00
467.3,10.95,24.68,0.61,0.45,7.79,9.43,1.12,1,2023-11-18 14:00:00
507.35,18.55,19.88,5.05,0.55,8.41,10.58,1.42,1,2023-11-18 15:00:00
480.65,18.55,15.08,10.64,0.68,7.63,10.37,1.74,1,2023-11-18 16:00:00
480.65,19.67,13.37,12.7,0.88,7.5,10.62,2.12,1,2023-11-18 17:00:00
487.33,20.56,14.22,14.48,1.24,7.8,11.22,2.31,1,2023-11-18 18:00:00
340.46,4.75,12.17,56.51,2.06,4.5,7.14,1.38,1,2023-11-18 19:00:00
300.41,2.43,9.0,68.66,1.8,3.39,5.32,1.11,2,2023-11-18 20:00:00
280.38,1.59,8.14,72.24,1.67,3.0,4.71,1.04,2,2023-11-18 21:00:00
320.43,2.04,16.62,56.51,1.59,3.77,5.49,1.5,1,2023-11-18 22:00:00
393.87,1.22,32.56,28.61,1.42,5.13,6.98,2.18,1,2023-11-18 23:00:00
433.92,0.85,38.39,13.23,1.04,5.91,7.86,2.6,1,2023-11-19 00:00:00
427.25,1.1,35.64,10.64,0.69,6.62,8.74,2.79,1,2023-11-19 01:00:00
410.56,0.71,30.5,12.87,0.77,6.95,9.12,2.72,1,2023-11-19 02:00:00
380.52,0.26,25.36,18.6,1.19,6.59,8.7,2.5,1,2023-11-19 03:00:00
343.8,0.05,19.71,28.25,1.45,5.82,7.8,2.18,1,2023-11-19 04:00:00
330.45,0.03,17.99,31.83,1.09,5.5,7.33,2.06,1,2023-11-19 05:00:00
313.76,0.01,14.39,35.76,0.72,5.03,6.62,1.88,1,2023-11-19 06:00:00
297.07,0.0,10.62,39.7,0.52,4.77,6.18,1.79,1,2023-11-19 07:00:00
290.39,0.0,8.23,42.2,0.54,4.75,6.04,1.74,1,2023-11-19 08:00:00
283.72,0.0,7.2,43.63,0.83,4.9,6.05,1.68,1,2023-11-19 09:00:00
280.38,0.0,6.85,44.35,1.42,5.4,6.45,1.46,1,2023-11-19 10:00:00
280.38,0.0,7.11,43.27,1.59,5.69,6.68,1.28,1,2023-11-19 11:00:00
283.72,0.0,7.63,42.56,1.4,5.85,6.83,1.17,1,2023-11-19 12:00:00
293.73,0.01,10.02,40.77,1.27,6.48,7.55,1.17,1,2023-11-19 13:00:00
310.42,0.04,13.54,37.55,1.3,7.21,8.39,1.31,1,2023-11-19 14:00:00
323.77,0.52,14.74,37.55,1.46,8.02,9.3,1.35,1,2023-11-19 15:00:00
320.43,0.91,13.37,42.56,2.29,8.6,9.74,1.16,1,2023-11-19 16:00:00
320.43,1.2,12.34,47.21,2.8,8.44,9.33,1.08,1,2023-11-19 17:00:00
310.42,1.19,10.8,52.21,2.86,8.21,9.01,0.93,1,2023-11-19 18:00:00
290.39,0.68,9.68,57.22,2.98,8.28,9.09,0.75,1,2023-11-19 19:00:00
273.7,0.45,9.0,62.23,3.49,8.08,9.04,0.64,2,2023-11-19 20:00:00
257.02,0.23,8.4,67.95,3.93,7.38,8.43,0.53,2,2023-11-19 21:00:00
247.0,0.06,7.71,74.39,4.47,6.47,7.49,0.47,2,2023-11-19 22:00:00
250.34,0.01,7.54,74.39,4.41,6.33,7.55,0.56,2,2023-11-19 23:00:00
253.68,0.0,6.94,73.67,3.55,6.24,7.66,0.7,2,2023-11-20 00:00:00
253.68,0.0,6.0,74.39,2.8,5.39,6.51,0.74,2,2023-11-20 01:00:00
247.0,0.0,5.31,74.39,2.32,4.61,5.25,0.61,2,2023-11-20 02:00:00
243.66,0.0,4.76,73.67,2.21,4.08,4.58,0.48,2,2023-11-20 03:00:00
243.66,0.0,4.2,76.53,2.18,3.75,4.22,0.39,2,2023-11-20 04:00:00
240.33,0.0,3.98,78.68,2.24,3.28,3.6,0.32,2,2023-11-20 05:00:00
236.99,0.0,3.51,79.39,2.03,3.1,3.28,0.23,2,2023-11-20 06:00:00
236.99,0.0,3.47,79.39,1.91,3.35,3.49,0.19,2,2023-11-20 07:00:00
236.99,0.0,3.38,78.68,1.86,3.5,3.63,0.16,2,2023-11-20 08:00:00
236.99,0.0,3.3,76.53,1.76,3.35,3.47,0.16,2,2023-11-20 09:00:00
236.99,0.0,3.64,72.24,1.88,3.41,3.53,0.16,2,2023-11-20 10:00:00
243.66,0.0,4.37,66.52,2.29,4.07,4.2,0.16,2,2023-11-20 11:00:00
250.34,0.0,5.65,61.51,3.01,5.23,5.38,0.18,2,2023-11-20 12:00:00
267.03,0.0,8.14,59.37,3.99,7.01,7.26,0.25,1,2023-11-20 13:00:00
277.04,0.0,10.54,59.37,4.83,8.02,8.41,0.34,1,2023-11-20 14:00:00
277.04,0.11,11.14,59.37,5.19,7.7,8.14,0.42,1,2023-11-20 15:00:00
270.37,0.45,10.11,55.79,4.89,7.0,7.41,0.46,1,2023-11-20 16:00:00
270.37,0.78,9.25,52.21,4.65,6.39,6.77,0.47,1,2023-11-20 17:00:00
277.04,1.01,8.83,50.78,4.53,6.11,6.48,0.44,1,2023-11-20 18:00:00
283.72,1.02,9.51,50.07,4.35,6.1,6.44,0.39,1,2023-11-20 19:00:00
293.73,1.05,10.8,49.35,3.99,5.97,6.28,0.36,1,2023-11-20 20:00:00
300.41,0.79,11.82,48.64,3.55,5.6,5.89,0.34,1,2023-11-20 21:00:00
297.07,0.34,12.0,49.35,2.92,4.95,5.22,0.34,1,2023-11-20 22:00:00
297.07,0.04,11.82,50.07,2.41,4.39,4.65,0.38,1,2023-11-20 23:00:00
297.07,0.0,11.65,50.78,2.03,4.34,4.59,0.43,1,2023-11-21 00:00:00
290.39,0.0,10.62,50.78,1.71,4.36,4.63,0.48,1,2023-11-21 01:00:00
283.72,0.0,9.51,50.78,1.48,4.26,4.56,0.52,1,2023-11-21 02:00:00
277.04,0.0,8.05,52.21,1.21,4.17,4.48,0.51,1,2023-11-21 03:00:00
273.7,0.0,7.54,52.21,0.95,4.01,4.35,0.52,1,2023-11-21 04:00:00
273.7,0.0,7.45,50.07,1.03,3.47,3.81,0.48,1,2023-11-21 05:00:00
270.37,0.0,8.05,47.21,3.16,3.24,3.58,0.38,1,2023-11-21 06:00:00
270.37,0.0,8.83,47.21,4.83,3.66,4.07,0.36,1,2023-11-21 07:00:00
270.37,0.0,7.63,50.07,3.78,3.73,4.13,0.38,1,2023-11-21 08:00:00
267.03,0.0,5.48,50.07,1.73,3.47,3.79,0.44,1,2023-11-21 09:00:00
270.37,0.0,4.37,47.92,0.72,4.19,4.43,0.55,1,2023-11-21 10:00:00
277.04,0.0,3.6,50.07,0.59,6.2,6.53,0.76,1,2023-11-21 11:00:00
270.37,0.0,3.38,51.5,1.03,3.87,4.35,1.11,1,2023-11-21 12:00:00
257.02,0.0,3.47,60.08,1.48,1.35,1.64,1.17,2,2023-11-21 13:00:00
247.0,0.0,4.07,66.52,1.4,0.75,0.94,1.14,2,2023-11-21 14:00:00
243.66,0.2,3.9,72.24,1.22,0.53,0.71,1.08,2,2023-11-21 15:00:00
240.33,0.52,3.17,74.39,1.16,0.5,0.68,1.01,2,2023-11-21 16:00:00
236.99,0.66,2.61,75.82,1.19,0.5,0.67,0.96,2,2023-11-21 17:00:00
233.65,0.68,2.33,77.25,1.25,0.5,0.67,0.93,2,2023-11-21 18:00:00
233.65,0.66,2.25,78.68,1.22,0.5,0.67,0.93,2,2023-11-21 19:00:00
233.65,0.61,2.38,80.11,1.15,0.51,0.68,0.95,2,2023-11-21 20:00:00
233.65,0.5,2.53,81.54,1.07,0.52,0.69,0.95,2,2023-11-21 21:00:00
236.99,0.31,3.21,82.97,1.09,0.53,0.71,0.97,2,2023-11-21 22:00:00
243.66,0.07,4.71,82.25,1.16,0.59,0.78,1.06,2,2023-11-21 23:00:00
250.34,0.0,5.83,79.39,1.27,0.69,0.91,1.2,2,2023-11-22 00:00:00
253.68,0.0,6.43,76.53,1.45,0.84,1.11,1.33,2,2023-11-22 01:00:00
257.02,0.0,6.43,75.1,1.52,0.96,1.28,1.46,2,2023-11-22 02:00:00
257.02,0.0,6.08,73.67,1.4,1.0,1.33,1.54,2,2023-11-22 03:00:00
267.03,0.0,7.2,69.38,1.16,1.3,1.69,1.71,2,2023-11-22 04:00:00
277.04,0.0,8.74,62.94,1.0,1.64,2.1,1.9,2,2023-11-22 05:00:00
277.04,0.0,8.4,59.37,0.98,1.52,1.96,1.96,1,2023-11-22 06:00:00
273.7,0.0,7.88,55.79,1.04,1.51,1.94,2.22,1,2023-11-22 07:00:00
273.7,0.0,7.88,50.78,1.01,1.72,2.16,2.5,1,2023-11-22 08:00:00
273.7,0.01,8.23,47.21,1.03,2.02,2.51,2.79,1,2023-11-22 09:00:00
283.72,0.02,10.02,40.77,1.04,2.64,3.21,3.13,1,2023-11-22 10:00:00
297.07,0.05,13.54,31.83,1.1,3.49,4.17,3.51,1,2023-11-22 11:00:00
313.76,0.18,17.82,23.6,1.12,4.24,5.05,4.05,1,2023-11-22 12:00:00
373.84,1.93,27.42,9.75,1.15,6.24,7.37,5.26,1,2023-11-22 13:00:00
453.95,8.94,30.5,1.83,1.15,7.79,9.19,6.08,1,2023-11-22 14:00:00
473.98,14.08,24.33,7.69,0.91,7.52,8.99,5.26,1,2023-11-22 15:00:00
320.43,4.02,12.85,41.84,1.34,3.58,4.4,3.01,1,2023-11-22 16:00:00
290.39,3.49,8.65,47.92,1.27,2.6,3.26,2.6,1,2023-11-22 17:00:00
277.04,3.07,6.94,49.35,1.19,1.78,2.34,2.37,1,2023-11-22 18:00:00
243.66,1.3,4.28,71.53,1.24,1.17,1.67,1.46,2,2023-11-22 19:00:00
236.99,0.95,3.86,76.53,1.25,1.35,2.04,1.28,2,2023-11-22 20:00:00
236.99,0.72,3.94,77.25,1.3,1.51,2.36,1.25,2,2023-11-22 21:00:00
240.33,0.51,5.57,73.67,1.3,1.72,2.68,1.31,2,2023-11-22 22:00:00
253.68,0.12,8.74,67.23,1.22,2.02,3.13,1.46,2,2023-11-22 23:00:00
267.03,0.0,11.14,62.94,1.12,2.37,3.67,1.58,2,2023-11-23 00:00:00
277.04,0.0,13.54,58.65,1.07,2.89,4.51,1.74,1,2023-11-23 01:00:00
287.06,0.0,14.91,55.79,0.98,3.52,5.57,1.85,1,2023-11-23 02:00:00
290.39,0.0,15.08,52.93,0.86,4.15,6.56,1.95,1,2023-11-23 03:00:00
297.07,0.0,15.08,48.64,0.8,4.91,7.46,2.15,1,2023-11-23 04:00:00
310.42,0.01,15.77,41.13,0.77,5.71,8.46,2.37,1,2023-11-23 05:00:00
310.42,0.01,13.71,36.84,0.67,5.5,9.08,2.15,1,2023-11-23 06:00:00
290.39,0.01,9.94,39.34,0.54,5.16,9.18,1.96,1,2023-11-23 07:00:00
270.37,0.0,7.11,46.49,0.68,5.09,8.24,2.06,1,2023-11-23 08:00:00
257.02,0.0,6.25,52.21,1.8,4.25,6.27,1.99,1,2023-11-23 09:00:00
253.68,0.0,6.68,54.36,3.73,3.23,4.56,2.03,1,2023-11-23 10:00:00
253.68,0.0,6.25,54.36,2.92,3.26,4.44,2.31,1,2023-11-23 11:00:00
257.02,0.0,5.36,52.93,1.64,4.12,5.35,2.28,1,2023-11-23 12:00:00
270.37,0.01,6.68,49.35,1.77,5.47,6.67,2.18,1,2023-11-23 13:00:00
283.72,0.02,8.91,45.78,2.06,5.88,6.84,2.5,1,2023-11-23 14:00:00
287.06,0.38,9.0,47.21,1.97,4.88,5.53,2.75,1,2023-11-23 15:00:00
280.38,1.24,6.77,52.93,1.85,3.28,3.77,2.53,1,2023-11-23 16:00:00
270.37,1.51,5.06,58.65,1.77,2.0,2.4,2.12,1,2023-11-23 17:00:00
260.35,1.36,4.16,65.09,1.68,1.26,1.6,1.77,2,2023-11-23 18:00:00
253.68,1.06,3.86,72.24,1.33,0.87,1.16,1.52,2,2023-11-23 19:00:00
250.34,0.85,4.07,75.82,1.33,0.72,1.0,1.42,2,2023-11-23 20:00:00
247.0,0.59,4.46,75.82,1.49,0.68,0.96,1.42,2,2023-11-23 21:00:00
247.0,0.23,5.23,75.1,1.45,0.68,0.96,1.49,2,2023-11-23 22:00:00
253.68,0.03,6.6,72.24,1.4,0.8,1.09,1.63,2,2023-11-23 23:00:00
260.35,0.0,7.63,70.1,1.42,0.88,1.2,1.79,2,2023-11-24 00:00:00
260.35,0.0,7.28,70.1,1.52,0.94,1.28,1.84,2,2023-11-24 01:00:00
257.02,0.0,6.25,72.24,1.56,0.98,1.31,1.8,2,2023-11-24 02:00:00
250.34,0.0,5.27,75.1,1.65,0.92,1.24,1.82,2,2023-11-24 03:00:00
250.34,0.0,4.84,76.53,1.86,0.86,1.17,1.79,2,2023-11-24 04:00:00
247.0,0.0,4.5,77.25,1.83,0.77,1.06,1.73,2,2023-11-24 05:00:00
243.66,0.0,3.73,77.96,1.55,0.61,0.87,1.65,2,2023-11-24 06:00:00
243.66,0.0,3.26,77.25,1.34,0.58,0.82,1.63,2,2023-11-24 07:00:00
243.66,0.0,3.08,75.82,1.36,0.58,0.81,1.63,2,2023-11-24 08:00:00
240.33,0.0,3.04,75.1,1.46,0.61,0.84,1.66,2,2023-11-24 09:00:00
240.33,0.0,3.04,74.39,1.51,0.62,0.86,1.69,2,2023-11-24 10:00:00
243.66,0.0,3.17,73.67,1.56,0.65,0.89,1.73,2,2023-11-24 11:00:00
243.66,0.0,3.64,72.24,1.73,0.71,0.96,1.79,2,2023-11-24 12:00:00
250.34,0.0,5.23,69.38,1.97,0.9,1.2,1.93,2,2023-11-24 13:00:00
260.35,0.01,7.28,67.23,2.21,1.04,1.4,2.06,2,2023-11-24 14:00:00
263.69,0.12,8.05,65.8,2.53,1.09,1.5,2.12,2,2023-11-24 15:00:00
263.69,0.5,7.88,65.09,3.16,1.09,1.54,2.15,2,2023-11-24 16:00:00
263.69,1.01,7.11,65.09,3.52,1.04,1.51,2.12,2,2023-11-24 17:00:00
260.35,1.36,6.34,65.8,3.58,1.02,1.5,2.12,2,2023-11-24 18:00:00
260.35,1.19,6.85,66.52,3.43,1.07,1.54,2.12,2,2023-11-24 19:00:00
263.69,0.98,7.63,66.52,3.55,1.1,1.58,2.15,2,2023-11-24 20:00:00
263.69,0.65,8.31,66.52,3.67,1.07,1.56,2.15,2,2023-11-24 21:00:00
263.69,0.25,9.0,65.8,3.46,1.04,1.52,2.18,2,2023-11-24 22:00:00
273.7,0.04,10.71,62.94,3.46,1.13,1.62,2.28,2,2023-11-24 23:00:00
280.38,0.01,12.17,60.08,3.64,1.28,1.82,2.44,2,2023-11-25 00:00:00
283.72,0.01,12.34,58.65,3.81,1.46,2.05,2.56,1,2023-11-25 01:00:00
280.38,0.01,11.82,57.94,3.93,1.61,2.26,2.72,1,2023-11-25 02:00:00
280.38,0.01,11.31,57.22,4.23,1.7,2.4,2.88,1,2023-11-25 03:00:00
277.04,0.01,11.48,55.79,4.83,1.81,2.55,3.04,1,2023-11-25 04:00:00
273.7,0.0,11.31,55.07,5.25,1.81,2.54,3.04,1,2023-11-25 05:00:00
267.03,0.0,10.28,55.07,5.48,1.66,2.35,2.82,1,2023-11-25 06:00:00
263.69,0.0,9.34,55.07,5.78,1.66,2.31,2.6,1,2023-11-25 07:00:00
260.35,0.0,9.17,55.07,5.96,1.84,2.48,2.47,1,2023-11-25 08:00:00
260.35,0.0,9.68,54.36,6.62,2.1,2.76,2.41,1,2023-11-25 09:00:00
260.35,0.0,10.37,53.64,7.51,2.33,3.02,2.37,1,2023-11-25 10:00:00
263.69,0.0,11.14,52.21,8.7,2.52,3.26,2.37,1,2023-11-25 11:00:00
263.69,0.0,11.48,52.21,9.3,2.67,3.48,2.37,1,2023-11-25 12:00:00
270.37,0.0,12.34,52.21,8.94,2.88,3.73,2.41,1,2023-11-25 13:00:00
283.72,0.01,14.22,50.07,8.46,3.02,3.88,2.44,1,2023-11-25 14:00:00
290.39,0.05,15.59,48.64,7.87,3.14,4.01,2.47,1,2023-11-25 15:00:00
287.06,0.19,14.22,49.35,6.38,3.08,3.93,2.31,1,2023-11-25 16:00:00
283.72,0.47,12.68,51.5,5.25,2.94,3.72,2.09,1,2023-11-25 17:00:00
280.38,1.01,11.14,53.64,4.59,2.9,3.63,1.87,1,2023-11-25 18:00:00
280.38,1.23,9.51,55.79,3.4,2.93,3.57,1.66,1,2023-11-25 19:00:00
280.38,1.06,9.17,57.22,2.65,3.0,3.54,1.5,1,2023-11-25 20:00:00
280.38,0.8,9.68,57.22,2.47,2.98,3.45,1.39,1,2023-11-25 21:00:00
283.72,0.45,11.14,56.51,2.29,2.97,3.38,1.35,1,2023-11-25 22:00:00
290.39,0.06,12.68,54.36,2.0,2.92,3.3,1.33,1,2023-11-25 23:00:00
293.73,0.01,13.54,52.21,1.73,2.91,3.27,1.28,1,2023-11-26 00:00:00
300.41,0.01,14.22,49.35,1.61,3.11,3.46,1.22,1,2023-11-26 01:00:00
300.41,0.01,13.71,47.92,1.55,3.27,3.6,1.16,1,2023-11-26 02:00:00
293.73,0.01,11.48,50.07,1.37,3.16,3.45,1.08,1,2023-11-26 03:00:00
283.72,0.0,9.25,54.36,1.15,2.73,2.98,0.99,1,2023-11-26 04:00:00
277.04,0.0,7.28,58.65,0.93,2.18,2.38,0.84,1,2023-11-26 05:00:00
267.03,0.0,5.65,61.51,0.78,1.74,1.87,0.63,2,2023-11-26 06:00:00
260.35,0.0,4.41,63.66,0.65,1.44,1.53,0.49,2,2023-11-26 07:00:00
253.68,0.0,3.43,66.52,0.51,1.1,1.17,0.44,2,2023-11-26 08:00:00
250.34,0.0,2.68,70.81,0.43,0.76,0.82,0.44,2,2023-11-26 09:00:00
247.0,0.0,2.74,71.53,0.52,0.66,0.73,0.53,2,2023-11-26 10:00:00
247.0,0.0,3.17,70.1,0.61,0.77,0.89,0.77,2,2023-11-26 11:00:00
250.34,0.0,3.81,67.95,0.6,0.97,1.14,1.2,2,2023-11-26 12:00:00
260.35,0.0,6.25,64.37,0.63,1.43,1.69,2.01,2,2023-11-26 13:00:00
277.04,0.01,8.4,60.8,0.66,1.86,2.28,2.91,2,2023-11-26 14:00:00
270.37,0.2,7.03,62.94,0.66,1.69,2.2,3.45,2,2023-11-26 15:00:00
253.68,0.42,3.9,67.95,0.6,1.02,1.36,2.44,2,2023-11-26 16:00:00
243.66,0.59,2.51,67.95,0.46,0.5,0.68,1.14,2,2023-11-26 17:00:00
240.33,0.59,1.8,66.52,0.33,0.5,0.6,0.65,2,2023-11-26 18:00:00
236.99,0.52,1.5,67.23,0.26,0.5,0.57,0.57,2,2023-11-26 19:00:00
240.33,0.48,1.52,66.52,0.27,0.5,0.57,0.55,2,2023-11-26 20:00:00
233.65,0.37,1.61,69.38,0.31,0.5,0.57,0.57,2,2023-11-26 21:00:00
226.97,0.25,2.46,77.25,0.47,0.5,0.59,0.66,2,2023-11-26 22:00:00
230.31,0.05,4.2,79.39,0.57,0.5,0.64,0.85,2,2023-11-26 23:00:00
243.66,0.0,5.65,76.53,0.62,0.55,0.73,1.11,2,2023-11-27 00:00:00
267.03,0.0,8.31,68.66,0.64,1.01,1.28,1.57,2,2023-11-27 01:00:00
287.06,0.01,10.71,60.8,0.63,1.63,2.05,2.03,2,2023-11-27 02:00:00
297.07,0.01,11.48,55.07,0.58,2.01,2.54,2.34,1,2023-11-27 03:00:00
300.41,0.01,11.65,51.5,0.54,2.17,2.76,2.6,1,2023-11-27 04:00:00
293.73,0.01,10.37,52.93,0.48,1.88,2.43,2.79,1,2023-11-27 05:00:00
280.38,0.0,7.88,57.22,0.45,1.29,1.72,2.94,1,2023-11-27 06:00:00
267.03,0.0,6.34,60.8,0.5,1.11,1.46,3.17,2,2023-11-27 07:00:00
260.35,0.0,5.57,62.23,0.57,1.18,1.55,3.36,2,2023-11-27 08:00:00
257.02,0.0,4.93,62.94,0.62,1.25,1.69,3.55,2,2023-11-27 09:00:00
253.68,0.0,4.37,63.66,0.65,1.26,1.7,3.8,2,2023-11-27 10:00:00
253.68,0.0,4.28,64.37,0.72,1.27,1.68,3.93,2,2023-11-27 11:00:00
257.02,0.0,4.88,64.37,0.83,1.38,1.79,3.93,2,2023-11-27 12:00:00
277.04,0.01,8.05,61.51,1.0,1.92,2.4,4.02,2,2023-11-27 13:00:00
303.75,0.02,13.02,55.79,1.18,2.52,3.17,4.31,1,2023-11-27 14:00:00
320.43,0.43,15.59,51.5,1.31,2.88,3.71,4.56,1,2023-11-27 15:00:00
320.43,1.41,14.74,49.35,1.48,3.03,4.26,4.81,1,2023-11-27 16:00:00
307.08,2.4,11.31,51.5,1.55,2.98,4.97,4.94,1,2023-11-27 17:00:00
293.73,2.46,8.4,54.36,1.48,2.82,5.48,4.75,1,2023-11-27 18:00:00
263.69,1.38,4.63,66.52,0.97,1.98,3.97,3.23,2,2023-11-27 19:00:00
253.68,1.01,3.86,72.24,0.82,1.71,3.15,2.44,2,2023-11-27 20:00:00
253.68,0.74,3.77,75.1,0.75,1.42,2.44,1.95,2,2023-11-27 21:00:00
260.35,0.57,5.57,74.39,0.85,1.16,1.82,1.61,2,2023-11-27 22:00:00
280.38,0.13,9.17,68.66,0.83,1.13,1.65,1.6,2,2023-11-27 23:00:00
293.73,0.0,11.48,62.94,0.78,1.29,1.73,1.74,2,2023-11-28 00:00:00
310.42,0.01,13.71,58.65,0.82,1.8,2.26,2.15,1,2023-11-28 01:00:00
327.11,0.01,15.59,55.07,0.8,2.6,3.21,2.63,1,2023-11-28 02:00:00
333.79,0.01,15.77,52.93,0.79,3.16,3.91,3.01,1,2023-11-28 03:00:00
353.81,0.03,19.36,47.21,0.81,4.38,5.36,3.61,1,2023-11-28 04:00:00
383.85,0.08,24.33,38.62,0.84,5.67,6.88,4.31,1,2023-11-28 05:00:00
383.85,0.07,23.99,35.41,0.87,5.2,6.4,4.43,1,2023-11-28 06:00:00
360.49,0.05,20.56,35.41,0.88,4.35,5.42,4.31,1,2023-11-28 07:00:00
337.12,0.03,17.31,36.48,0.86,3.81,4.73,4.31,1,2023-11-28 08:00:00
317.1,0.03,14.91,36.48,0.83,3.51,4.3,4.56,1,2023-11-28 09:00:00
310.42,0.03,13.71,35.41,0.82,3.48,4.23,5.0,1,2023-11-28 10:00:00
313.76,0.06,14.57,31.11,0.89,3.9,4.7,5.51,1,2023-11-28 11:00:00
330.45,0.17,17.65,24.68,1.03,4.83,5.74,6.02,1,2023-11-28 12:00:00
393.87,1.38,27.42,12.16,1.19,7.43,8.61,6.78,1,2023-11-28 13:00:00
473.98,6.59,34.62,2.95,1.3,9.89,11.34,7.54,1,2023-11-28 14:00:00
494.0,13.19,28.1,7.6,1.3,10.42,11.94,7.54,2,2023-11-28 15:00:00
350.48,4.58,14.05,37.19,1.24,5.73,6.75,4.43,1,2023-11-28 16:00:00
313.76,3.8,8.74,45.06,1.12,4.57,5.46,3.58,1,2023-11-28 17:00:00
303.75,3.49,7.28,46.49,1.07,4.24,5.06,3.1,1,2023-11-28 18:00:00
260.35,1.41,4.11,66.52,1.39,3.22,4.18,1.84,2,2023-11-28 19:00:00
253.68,1.15,4.2,72.96,2.74,3.94,5.1,1.57,2,2023-11-28 20:00:00
250.34,0.79,4.16,79.39,2.18,4.53,5.77,1.38,2,2023-11-28 21:00:00
263.69,0.6,7.03,77.96,1.52,5.32,6.73,1.46,2,2023-11-28 22:00:00
297.07,0.15,13.37,65.8,1.27,6.54,8.18,1.8,2,2023-11-28 23:00:00
330.45,0.01,19.02,53.64,1.01,7.28,9.1,2.18,1,2023-11-29 00:00:00
350.48,0.02,22.96,44.35,0.79,8.14,10.34,2.6,1,2023-11-29 01:00:00
353.81,0.03,22.28,39.34,0.69,9.17,11.58,2.85,1,2023-11-29 02:00:00
343.8,0.03,19.36,39.7,0.65,9.57,11.88,2.85,1,2023-11-29 03:00:00
330.45,0.01,16.45,44.7,0.58,9.22,11.41,2.66,1,2023-11-29 04:00:00
313.76,0.01,14.05,50.07,0.51,7.77,9.76,2.44,1,2023-11-29 05:00:00
293.73,0.0,10.8,54.36,0.44,5.48,7.14,2.18,1,2023-11-29 06:00:00
270.37,0.0,7.88,57.94,0.39,3.66,4.94,1.99,1,2023-11-29 07:00:00
257.02,0.0,6.08,59.37,0.38,2.87,3.91,1.9,1,2023-11-29 08:00:00
250.34,0.0,5.18,61.51,0.41,2.55,3.48,1.8,2,2023-11-29 09:00:00
247.0,0.0,4.93,60.8,0.42,2.52,3.39,1.77,2,2023-11-29 10:00:00
253.68,0.0,5.57,57.94,0.51,2.84,3.69,2.09,1,2023-11-29 11:00:00
260.35,0.0,7.2,52.93,0.59,3.35,4.26,2.37,1,2023-11-29 12:00:00
297.07,0.03,13.88,43.99,0.74,4.63,5.77,2.98,1,2023-11-29 13:00:00
360.49,0.23,25.02,30.4,0.86,6.23,7.67,3.83,1,2023-11-29 14:00:00
410.56,4.47,28.1,25.75,0.84,7.4,9.15,4.12,1,2023-11-29 15:00:00
423.91,9.72,23.31,28.97,0.92,7.94,9.96,4.02,1,2023-11-29 16:00:00
413.89,11.51,19.54,31.47,1.13,7.99,10.16,3.74,1,2023-11-29 17:00:00
390.53,10.62,17.31,35.05,1.55,7.65,9.87,3.39,1,2023-11-29 18:00:00
307.08,4.41,11.48,57.94,2.32,5.56,7.86,2.37,1,2023-11-29 19:00:00
283.72,3.05,10.02,64.37,2.26,4.95,7.3,2.06,2,2023-11-29 20:00:00
283.72,2.35,10.71,62.94,2.21,4.93,7.16,2.01,2,2023-11-29 21:00:00
287.06,1.12,13.37,57.94,1.94,4.97,7.06,2.09,1,2023-11-29 22:00:00
300.41,0.13,16.28,49.35,1.48,5.03,6.93,2.28,1,2023-11-29 23:00:00
313.76,0.02,17.14,43.27,0.97,5.11,6.77,2.44,1,2023-11-30 00:00:00
317.1,0.03,17.31,41.13,0.77,5.67,7.4,2.47,1,2023-11-30 01:00:00
307.08,0.01,15.25,43.99,0.93,6.45,8.47,2.25,1,2023-11-30 02:00:00
290.39,0.01,11.82,50.07,1.06,6.67,8.77,1.92,1,2023-11-30 03:00:00
273.7,0.0,9.08,55.07,0.97,5.8,7.69,1.73,1,2023-11-30 04:00:00
270.37,0.0,8.31,57.22,0.86,5.55,7.21,1.63,1,2023-11-30 05:00:00
270.37,0.0,7.45,59.37,0.86,6.21,7.85,1.47,1,2023-11-30 06:00:00
270.37,0.0,6.77,61.51,0.8,7.43,9.46,1.42,2,2023-11-30 07:00:00
273.7,0.0,6.6,62.23,0.69,8.69,11.38,1.35,2,2023-11-30 08:00:00
280.38,0.0,6.68,60.08,0.6,9.85,13.01,1.12,2,2023-11-30 09:00:00
287.06,0.0,7.28,56.51,0.54,10.85,14.15,0.83,2,2023-11-30 10:00:00
290.39,0.0,8.31,50.78,0.61,11.25,14.33,0.95,2,2023-11-30 11:00:00
300.41,0.01,10.45,43.27,0.72,10.87,13.48,1.41,2,2023-11-30 12:00:00
337.12,0.1,17.31,32.19,0.8,10.45,12.58,2.25,2,2023-11-30 13:00:00
380.52,0.36,25.02,23.25,0.94,10.32,12.52,3.1,2,2023-11-30 14:00:00
373.84,1.31,21.76,28.25,1.01,10.01,12.74,3.07,2,2023-11-30 15:00:00
313.76,2.37,10.88,41.84,2.41,8.96,11.86,2.91,1,2023-11-30 16:00:00
303.75,3.58,8.91,42.56,4.35,8.62,11.34,2.69,1,2023-11-30 17:00:00
297.07,3.74,7.71,44.35,5.13,8.41,10.76,2.66,1,2023-11-30 18:00:00
287.06,3.05,6.68,50.07,4.83,7.96,9.69,2.66,1,2023-11-30 19:00:00
283.72,2.82,6.94,52.21,5.48,7.49,8.86,2.53,1,2023-11-30 20:00:00
280.38,2.29,7.28,52.93,5.96,6.54,7.71,2.25,1,2023-11-30 21:00:00
280.38,1.23,9.6,52.21,5.42,5.47,6.43,2.03,1,2023-11-30 22:00:00
290.39,0.2,13.54,50.78,5.01,4.92,5.69,2.06,1,2023-11-30 23:00:00
300.41,0.01,15.59,50.07,4.47,4.83,5.5,2.18,1,2023-12-01 00:00:00
300.41,0.01,14.39,50.07,3.13,4.84,5.46,2.06,1,2023-12-01 01:00:00
293.73,0.01,11.65,52.21,1.73,4.54,5.11,1.85,1,2023-12-01 02:00:00
287.06,0.01,9.6,52.93,1.15,4.11,4.63,1.63,1,2023-12-01 03:00:00
280.38,0.01,8.83,52.21,1.15,3.93,4.45,1.66,1,2023-12-01 04:00:00
273.7,0.0,7.71,52.21,1.21,3.88,4.35,1.96,1,2023-12-01 05:00:00
267.03,0.0,6.0,52.93,1.22,3.69,4.07,2.41,1,2023-12-01 06:00:00
263.69,0.0,5.06,52.21,1.16,3.62,3.92,2.47,1,2023-12-01 07:00:00
260.35,0.0,4.58,52.21,1.15,3.52,3.79,2.44,1,2023-12-01 08:00:00
257.02,0.0,4.28,52.21,1.18,3.35,3.61,2.44,1,2023-12-01 09:00:00
257.02,0.0,4.2,52.21,1.16,3.17,3.43,2.47,1,2023-12-01 10:00:00
260.35,0.0,4.46,52.21,1.18,3.14,3.41,2.6,1,2023-12-01 11:00:00
263.69,0.0,5.23,50.78,1.31,3.25,3.55,2.79,1,2023-12-01 12:00:00
277.04,0.02,7.88,47.92,1.51,3.73,4.11,3.1,1,2023-12-01 13:00:00
297.07,0.04,10.97,43.99,1.76,4.13,4.62,3.39,1,2023-12-01 14:00:00
300.41,0.63,11.31,43.27,2.0,4.28,4.82,3.48,1,2023-12-01 15:00:00
297.07,0.92,10.97,43.63,2.29,4.28,4.85,3.29,1,2023-12-01 16:00:00
293.73,1.44,9.68,45.06,2.44,4.14,4.73,2.98,1,2023-12-01 17:00:00
287.06,1.61,8.57,47.21,2.41,3.98,4.56,2.56,1,2023-12-01 18:00:00
280.38,1.48,7.97,50.07,2.12,3.91,4.46,2.28,1,2023-12-01 19:00:00
283.72,1.31,8.31,50.07,1.7,4.02,4.57,2.09,1,2023-12-01 20:00:00
287.06,0.94,9.25,47.92,1.61,4.13,4.68,2.01,1,2023-12-01 21:00:00
310.42,0.64,13.88,41.13,1.46,4.66,5.26,2.22,1,2023-12-01 22:00:00
357.15,0.31,22.28,28.61,1.33,5.62,6.34,2.63,1,2023-12-01 23:00:00
407.22,0.57,29.13,18.24,1.27,6.69,7.56,2.98,1,2023-12-02 00:00:00
480.65,3.69,37.36,6.26,1.31,9.34,10.53,3.83,1,2023-12-02 01:00:00
574.11,13.08,39.07,0.47,1.39,13.63,15.34,5.26,2,2023-12-02 02:00:00
627.52,20.56,36.33,0.06,1.4,16.96,19.16,6.14,2,2023-12-02 03:00:00
680.92,27.72,35.3,0.01,1.56,20.51,23.15,7.03,2,2023-12-02 04:00:00
720.98,33.97,35.64,0.0,1.71,22.78,25.69,7.66,2,2023-12-02 05:00:00
687.6,30.4,35.64,0.0,1.7,20.4,23.24,7.54,2,2023-12-02 06:00:00
620.84,22.8,34.96,0.01,1.59,16.85,19.5,7.22,2,2023-12-02 07:00:00
587.46,19.22,34.96,0.01,1.59,15.98,18.5,7.16,2,2023-12-02 08:00:00
594.14,16.99,37.01,0.02,1.58,16.94,19.44,7.22,2,2023-12-02 09:00:00
607.49,14.98,39.07,0.02,1.56,18.42,20.96,7.28,2,2023-12-02 10:00:00
607.49,12.18,40.1,0.03,1.49,18.48,20.92,7.22,2,2023-12-02 11:00:00
580.79,9.5,39.76,0.06,1.4,17.2,19.46,7.09,2,2023-12-02 12:00:00
580.79,11.62,37.7,0.08,1.31,16.58,18.72,7.41,2,2023-12-02 13:00:00
607.49,18.1,35.99,0.05,1.34,17.02,19.19,7.79,2,2023-12-02 14:00:00
614.17,22.35,31.53,3.89,1.56,17.02,19.14,7.47,2,2023-12-02 15:00:00
527.38,16.76,23.99,10.73,1.94,14.96,16.87,5.76,2,2023-12-02 16:00:00
480.65,14.53,17.82,14.84,1.56,13.77,15.61,3.89,2,2023-12-02 17:00:00
447.27,12.18,15.08,16.81,1.56,13.01,14.65,3.17,2,2023-12-02 18:00:00
317.1,2.32,11.82,37.19,6.2,12.23,13.61,0.88,2,2023-12-02 19:00:00
300.41,1.45,10.88,42.2,6.14,11.3,12.56,0.73,2,2023-12-02 20:00:00
300.41,1.01,12.17,42.2,6.32,11.06,12.29,0.79,2,2023-12-02 21:00:00
323.77,0.53,18.51,34.69,5.96,11.49,12.77,1.14,2,2023-12-02 22:00:00
360.49,0.3,26.39,23.96,4.47,12.19,13.52,1.61,2,2023-12-02 23:00:00
383.85,0.46,29.13,17.7,2.98,12.4,13.74,1.85,2,2023-12-03 00:00:00
387.19,0.48,28.1,16.63,2.18,12.67,14.0,1.68,2,2023-12-03 01:00:00
373.84,0.31,24.68,19.13,1.88,12.73,14.0,1.28,2,2023-12-03 02:00:00
353.81,0.14,20.22,23.96,1.59,12.28,13.45,0.88,2,2023-12-03 03:00:00
337.12,0.08,16.28,28.25,1.45,11.78,12.82,0.89,2,2023-12-03 04:00:00
333.79,0.09,15.42,27.18,1.52,11.41,12.39,1.31,2,2023-12-03 05:00:00
323.77,0.07,13.54,26.46,1.48,10.05,10.95,1.52,2,2023-12-03 06:00:00
307.08,0.04,11.31,27.54,1.19,8.44,9.29,1.73,1,2023-12-03 07:00:00
303.75,0.03,9.42,28.97,1.04,8.15,8.97,1.84,1,2023-12-03 08:00:00
300.41,0.02,7.97,29.33,1.04,8.76,9.49,1.85,1,2023-12-03 09:00:00
293.73,0.02,7.03,31.47,1.04,9.08,9.72,1.82,1,2023-12-03 10:00:00
290.39,0.01,6.68,33.97,1.0,9.18,9.8,1.88,1,2023-12-03 11:00:00
290.39,0.02,7.03,35.41,0.98,9.35,10.03,2.06,1,2023-12-03 12:00:00
303.75,0.06,10.11,32.54,1.03,10.09,10.92,2.47,2,2023-12-03 13:00:00
333.79,0.19,15.42,26.11,1.12,10.93,11.94,3.01,2,2023-12-03 14:00:00
357.15,1.15,18.34,20.92,1.21,11.62,12.77,3.42,2,2023-12-03 15:00:00
357.15,3.07,15.25,21.82,1.25,11.72,12.93,3.42,2,2023-12-03 16:00:00
343.8,4.36,10.88,25.03,1.12,11.35,12.53,2.41,2,2023-12-03 17:00:00
330.45,4.3,8.83,27.18,1.3,10.87,11.96,2.44,2,2023-12-03 18:00:00
307.08,2.79,7.45,36.12,1.71,8.89,9.99,2.25,1,2023-12-03 19:00:00
307.08,2.57,8.31,35.41,1.77,8.41,9.71,2.18,1,2023-12-03 20:00:00
310.42,2.07,10.45,34.33,2.71,8.09,9.61,2.15,1,2023-12-03 21:00:00
340.46,1.62,19.19,27.18,4.17,8.64,10.44,2.34,1,2023-12-03 22:00:00
397.21,1.05,32.22,14.13,3.87,9.76,11.81,2.66,1,2023-12-03 23:00:00
440.6,2.01,38.73,6.26,2.62,10.73,12.91,2.22,2,2023-12-04 00:00:00
453.95,2.99,36.67,3.53,1.86,11.43,13.4,1.52,2,2023-12-04 01:00:00
447.27,3.05,33.93,2.95,1.53,12.31,14.08,1.33,2,2023-12-04 02:00:00
427.25,1.34,30.85,7.6,1.27,12.34,14.02,1.3,2,2023-12-04 03:00:00
400.54,0.34,25.7,16.81,2.83,11.87,13.7,2.15,2,2023-12-04 04:00:00
400.54,0.37,25.02,16.63,3.58,12.1,14.08,3.26,2,2023-12-04 05:00:00
387.19,0.27,22.28,16.45,2.74,11.33,13.18,3.77,2,2023-12-04 06:00:00
373.84,0.25,18.51,16.45,1.62,10.49,12.14,4.5,2,2023-12-04 07:00:00
360.49,0.19,15.25,16.81,0.97,9.92,11.33,5.26,1,2023-12-04 08:00:00
347.14,0.12,12.85,18.78,0.8,9.6,11.01,5.45,1,2023-12-04 09:00:00
337.12,0.06,10.8,25.03,0.89,9.95,11.6,5.07,1,2023-12-04 10:00:00
330.45,0.04,10.37,29.33,0.92,10.6,12.24,5.07,2,2023-12-04 11:00:00
333.79,0.06,11.48,29.68,0.89,10.32,11.69,5.51,2,2023-12-04 12:00:00
360.49,0.29,18.16,23.25,0.9,10.21,11.43,6.4,2,2023-12-04 13:00:00
397.21,0.91,25.36,15.56,0.86,9.04,10.38,7.03,1,2023-12-04 14:00:00
387.19,3.02,21.93,19.85,0.8,6.29,7.98,6.4,1,2023-12-04 15:00:00
337.12,3.49,13.02,32.9,0.83,3.68,5.63,4.37,1,2023-12-04 16:00:00
330.45,3.91,11.82,35.41,1.0,3.34,5.44,2.85,1,2023-12-04 17:00:00
333.79,3.86,13.19,33.97,1.36,3.4,5.56,2.79,1,2023-12-04 18:00:00
303.75,2.07,10.8,42.56,1.43,2.29,4.31,2.28,1,2023-12-04 19:00:00
280.38,1.06,7.97,48.64,1.31,1.42,3.07,1.93,1,2023-12-04 20:00:00
267.03,0.47,6.68,55.07,1.33,1.23,3.5,1.65,1,2023-12-04 21:00:00
260.35,0.17,6.6,62.94,1.27,1.33,4.02,1.42,2,2023-12-04 22:00:00
263.69,0.02,7.88,65.8,1.07,1.45,3.51,1.39,2,2023-12-04 23:00:00
273.7,0.0,9.0,62.94,0.79,1.52,2.84,1.61,2,2023-12-05 00:00:00
277.04,0.0,9.34,60.8,0.71,1.58,2.48,1.8,2,2023-12-05 01:00:00
277.04,0.0,8.4,60.8,0.61,1.43,2.13,1.73,2,2023-12-05 02:00:00
267.03,0.0,6.51,65.8,0.45,1.11,1.61,1.46,2,2023-12-05 03:00:00
257.02,0.0,5.48,68.66,0.37,0.88,1.26,1.27,2,2023-12-05 04:00:00
250.34,0.0,4.63,68.66,0.35,0.67,1.02,1.19,2,2023-12-05 05:00:00
247.0,0.0,3.47,68.66,0.34,0.5,0.88,1.14,2,2023-12-05 06:00:00
247.0,0.0,2.7,69.38,0.33,0.5,1.19,1.19,2,2023-12-05 07:00:00
243.66,0.0,2.25,69.38,0.34,0.6,1.84,1.16,2,2023-12-05 08:00:00
247.0,0.0,2.1,68.66,0.38,0.58,1.66,1.14,2,2023-12-05 09:00:00
247.0,0.0,1.99,67.95,0.43,0.5,0.81,1.01,2,2023-12-05 10:00:00
250.34,0.0,2.18,65.09,0.52,0.5,0.64,0.75,2,2023-12-05 11:00:00
257.02,0.0,2.72,59.37,0.57,0.5,0.66,0.55,1,2023-12-05 12:00:00
273.7,0.0,4.37,52.21,0.6,0.98,1.22,0.52,1,2023-12-05 13:00:00
290.39,0.01,6.25,45.78,0.68,1.86,2.19,0.57,1,2023-12-05 14:00:00
300.41,0.29,6.6,42.92,0.74,2.62,2.99,0.65,1,2023-12-05 15:00:00
300.41,1.1,5.57,42.92,0.88,3.26,3.65,0.83,1,2023-12-05 16:00:00
297.07,1.62,4.5,44.35,1.16,3.81,4.21,1.12,1,2023-12-05 17:00:00
293.73,1.7,4.07,47.21,1.62,4.22,4.62,1.35,1,2023-12-05 18:00:00
287.06,1.59,3.98,51.5,1.97,4.27,4.65,1.36,1,2023-12-05 19:00:00
287.06,1.51,4.5,55.07,2.03,4.28,4.66,1.36,1,2023-12-05 20:00:00
287.06,1.3,5.4,57.22,2.09,4.04,4.42,1.39,1,2023-12-05 21:00:00
360.49,2.77,17.48,39.7,1.77,5.73,6.37,2.18,1,2023-12-05 22:00:00
487.33,4.08,36.67,11.44,1.45,8.59,9.7,3.48,1,2023-12-05 23:00:00
607.49,13.86,42.84,0.56,1.45,11.35,12.97,5.0,2,2023-12-06 00:00:00
714.3,26.15,45.93,0.01,1.65,15.31,17.54,6.65,2,2023-12-06 01:00:00
747.68,29.06,49.35,0.01,1.62,18.1,20.94,7.16,2,2023-12-06 02:00:00
674.25,22.35,47.3,0.05,1.34,16.76,19.87,6.59,2,2023-12-06 03:00:00
560.76,13.97,39.07,0.26,1.04,13.08,15.88,5.95,2,2023-12-06 04:00:00
487.33,8.38,31.53,0.76,0.89,10.2,12.38,5.45,2,2023-12-06 05:00:00
447.27,3.55,28.79,2.37,0.83,8.03,9.56,4.88,1,2023-12-06 06:00:00
427.25,0.91,29.13,6.88,0.8,7.75,8.88,4.5,1,2023-12-06 07:00:00
417.23,0.27,28.1,12.34,0.75,8.25,9.16,4.24,1,2023-12-06 08:00:00
380.52,0.09,21.25,19.85,0.71,7.25,7.97,3.8,1,2023-12-06 09:00:00
317.1,0.01,10.54,37.19,0.75,4.65,5.13,2.75,1,2023-12-06 10:00:00
290.39,0.0,6.51,45.78,0.78,3.45,3.82,2.18,1,2023-12-06 11:00:00
280.38,0.0,5.74,49.35,0.8,3.14,3.44,1.84,1,2023-12-06 12:00:00
283.72,0.01,6.68,50.07,0.75,2.99,3.34,1.39,1,2023-12-06 13:00:00
287.06,0.01,8.14,49.35,0.7,2.69,3.08,1.22,1,2023-12-06 14:00:00
287.06,0.25,7.63,51.5,0.71,2.27,2.64,1.16,1,2023-12-06 15:00:00
273.7,0.94,5.1,59.37,0.75,1.56,1.89,0.95,1,2023-12-06 16:00:00
263.69,1.13,4.03,63.66,0.85,1.35,1.73,0.85,2,2023-12-06 17:00:00
260.35,1.12,3.6,65.09,0.95,1.48,2.03,0.89,2,2023-12-06 18:00:00
260.35,1.09,3.56,65.8,1.0,1.86,2.74,1.0,2,2023-12-06 19:00:00
263.69,1.09,4.03,66.52,1.1,2.4,3.61,1.12,2,2023-12-06 20:00:00
263.69,0.94,4.63,66.52,1.21,2.86,4.3,1.2,2,2023-12-06 21:00:00
277.04,0.73,6.94,62.23,1.25,3.32,4.87,1.36,2,2023-12-06 22:00:00
290.39,0.17,10.54,54.36,1.15,3.68,5.28,1.57,1,2023-12-06 23:00:00
300.41,0.01,12.68,48.64,1.0,3.91,5.51,1.76,1,2023-12-07 00:00:00
307.08,0.01,13.71,44.7,0.93,4.25,5.9,1.8,1,2023-12-07 01:00:00
300.41,0.01,12.68,43.99,0.85,4.47,6.21,1.71,1,2023-12-07 02:00:00
293.73,0.01,10.97,44.7,0.75,4.63,6.53,1.54,1,2023-12-07 03:00:00
290.39,0.01,9.94,45.78,0.66,4.98,7.11,1.3,1,2023-12-07 04:00:00
287.06,0.01,9.42,45.42,0.57,5.29,7.58,1.01,1,2023-12-07 05:00:00
283.72,0.0,8.23,45.78,0.54,5.3,7.62,0.69,1,2023-12-07 06:00:00
277.04,0.0,7.28,45.78,0.49,5.49,7.84,0.5,1,2023-12-07 07:00:00
277.04,0.0,6.68,45.78,0.47,5.84,8.19,0.41,1,2023-12-07 08:00:00
273.7,0.0,6.34,45.78,0.46,6.2,8.59,0.37,1,2023-12-07 09:00:00
273.7,0.0,6.17,45.42,0.46,6.54,8.95,0.36,1,2023-12-07 10:00:00
273.7,0.0,6.0,45.42,0.47,6.71,9.12,0.36,1,2023-12-07 11:00:00
277.04,0.01,6.43,45.42,0.48,6.92,9.38,0.38,1,2023-12-07 12:00:00
293.73,0.02,10.02,42.2,0.53,7.64,10.41,0.53,1,2023-12-07 13:00:00
317.1,0.05,14.22,37.91,0.6,8.53,11.63,0.66,1,2023-12-07 14:00:00
320.43,0.59,13.37,40.05,0.74,9.35,12.61,0.74,1,2023-12-07 15:00:00
303.75,1.42,8.4,47.92,0.91,10.36,13.59,0.82,2,2023-12-07 16:00:00
297.07,1.77,6.34,52.93,1.06,11.8,15.05,1.01,2,2023-12-07 17:00:00
290.39,1.56,5.27,58.65,1.19,12.83,16.33,1.19,2,2023-12-07 18:00:00
273.7,0.88,3.43,68.66,1.03,13.09,17.23,1.11,2,2023-12-07 19:00:00
270.37,0.71,3.3,72.24,0.92,12.74,17.0,1.12,2,2023-12-07 20:00:00
267.03,0.53,3.47,73.67,0.92,12.3,16.7,1.08,2,2023-12-07 21:00:00
277.04,0.43,6.08,69.38,0.98,12.65,16.91,1.17,2,2023-12-07 22:00:00
300.41,0.09,10.54,59.37,0.89,13.46,17.42,1.31,2,2023-12-07 23:00:00
313.76,0.0,13.37,52.93,0.72,14.25,17.94,1.08,2,2023-12-08 00:00:00
323.77,0.01,14.22,48.64,0.61,15.03,18.51,0.82,2,2023-12-08 01:00:00
317.1,0.01,13.02,47.92,0.61,15.31,18.8,0.78,2,2023-12-08 02:00:00
307.08,0.0,12.0,46.49,0.57,14.79,18.97,0.86,2,2023-12-08 03:00:00
293.73,0.0,10.11,50.07,0.54,12.68,17.8,1.22,2,2023-12-08 04:00:00
280.38,0.0,8.31,54.36,0.52,9.59,13.75,1.68,1,2023-12-08 05:00:00
270.37,0.0,6.51,55.79,0.51,7.26,10.56,1.87,1,2023-12-08 06:00:00
263.69,0.0,5.74,54.36,0.51,5.79,8.97,1.87,1,2023-12-08 07:00:00
263.69,0.0,5.74,52.93,0.54,4.83,8.56,1.79,1,2023-12-08 08:00:00
257.02,0.0,5.57,55.07,0.61,4.08,9.29,1.65,1,2023-12-08 09:00:00
247.0,0.0,4.88,59.37,0.72,3.64,11.07,1.49,1,2023-12-08 10:00:00
233.65,0.0,4.2,63.66,0.95,3.82,13.46,1.41,2,2023-12-08 11:00:00
230.31,0.0,4.71,63.66,1.18,4.21,13.65,1.47,2,2023-12-08 12:00:00
257.02,0.0,8.31,59.37,1.07,3.95,10.41,1.71,1,2023-12-08 13:00:00
283.72,0.01,12.34,54.36,0.83,3.23,7.27,1.88,1,2023-12-08 14:00:00
290.39,0.1,12.0,55.07,0.73,2.24,4.49,1.69,1,2023-12-08 15:00:00
270.37,0.35,8.48,61.51,0.83,1.19,2.4,1.28,2,2023-12-08 16:00:00
263.69,0.73,7.03,64.37,1.0,0.91,2.04,1.2,2,2023-12-08 17:00:00
253.68,0.95,6.17,65.8,1.13,0.77,1.9,1.16,2,2023-12-08 18:00:00
243.66,0.56,4.88,69.38,0.94,0.57,1.52,0.93,2,2023-12-08 19:00:00
243.66,0.41,5.23,69.38,0.97,0.54,1.28,0.97,2,2023-12-08 20:00:00
247.0,0.27,5.83,67.23,1.07,0.54,1.12,1.03,2,2023-12-08 21:00:00
267.03,0.14,9.08,61.51,1.25,0.81,1.35,1.25,2,2023-12-08 22:00:00
293.73,0.03,13.88,52.93,1.24,1.2,1.8,1.57,1,2023-12-08 23:00:00
317.1,0.01,17.31,47.21,1.01,1.55,2.21,1.82,1,2023-12-09 00:00:00
327.11,0.01,18.34,43.99,0.86,2.01,2.76,2.06,1,2023-12-09 01:00:00
317.1,0.01,16.28,43.99,0.7,2.19,3.04,2.15,1,2023-12-09 02:00:00
303.75,0.01,13.02,46.49,0.57,2.06,2.98,2.18,1,2023-12-09 03:00:00
293.73,0.01,11.14,47.21,0.51,1.96,2.86,2.25,1,2023-12-09 04:00:00
280.38,0.0,9.0,49.35,0.51,1.6,2.37,2.15,1,2023-12-09 05:00:00
260.35,0.0,5.74,56.51,0.5,0.95,1.61,1.66,1,2023-12-09 06:00:00
240.33,0.0,2.53,67.23,0.37,0.56,1.81,0.97,2,2023-12-09 07:00:00
233.65,0.0,1.93,69.38,0.32,0.51,1.77,0.77,2,2023-12-09 08:00:00
230.31,0.0,1.86,70.1,0.33,0.5,1.21,0.7,2,2023-12-09 09:00:00
230.31,0.0,1.8,69.38,0.33,0.5,0.77,0.65,2,2023-12-09 10:00:00
230.31,0.0,1.69,66.52,0.31,0.5,0.59,0.59,2,2023-12-09 11:00:00
230.31,0.0,1.63,64.37,0.28,0.5,0.56,0.5,2,2023-12-09 12:00:00
233.65,0.0,2.01,65.8,0.25,0.5,0.57,0.39,2,2023-12-09 13:00:00
236.99,0.0,2.61,66.52,0.25,0.5,0.58,0.33,2,2023-12-09 14:00:00
233.65,0.04,2.59,67.95,0.27,0.5,0.58,0.32,2,2023-12-09 15:00:00
233.65,0.16,2.23,69.38,0.29,0.5,0.58,0.32,2,2023-12-09 16:00:00
230.31,0.2,1.91,69.38,0.31,0.5,0.57,0.34,2,2023-12-09 17:00:00
230.31,0.17,1.74,67.95,0.34,0.5,0.56,0.38,2,2023-12-09 18:00:00
230.31,0.13,1.8,67.23,0.37,0.5,0.56,0.46,2,2023-12-09 19:00:00
233.65,0.12,2.06,67.23,0.46,0.5,0.56,0.6,2,2023-12-09 20:00:00
233.65,0.08,2.25,67.95,0.51,0.5,0.57,0.76,2,2023-12-09 21:00:00
233.65,0.04,2.44,67.95,0.54,0.5,0.59,0.87,2,2023-12-09 22:00:00
236.99,0.01,2.91,67.95,0.61,0.5,0.61,0.97,2,2023-12-09 23:00:00
240.33,0.0,3.34,67.95,0.75,0.55,0.68,1.08,2,2023-12-10 00:00:00
243.66,0.0,3.47,67.95,0.83,0.87,1.03,1.16,2,2023-12-10 01:00:00
247.0,0.0,3.47,67.95,0.93,1.21,1.4,1.25,2,2023-12-10 02:00:00
247.0,0.0,3.34,67.95,1.03,1.16,1.38,1.28,2,2023-12-10 03:00:00
243.66,0.0,3.43,67.95,1.21,0.95,1.18,1.35,2,2023-12-10 04:00:00
240.33,0.0,3.3,67.95,1.24,0.79,1.03,1.36,2,2023-12-10 05:00:00
236.99,0.0,2.74,68.66,1.15,0.72,0.93,1.36,2,2023-12-10 06:00:00
236.99,0.0,2.4,70.1,0.98,0.83,1.04,1.39,2,2023-12-10 07:00:00
233.65,0.0,2.27,70.1,0.77,0.93,1.15,1.5,2,2023-12-10 08:00:00
233.65,0.0,2.27,70.1,0.63,0.98,1.22,1.63,2,2023-12-10 09:00:00
236.99,0.0,2.57,68.66,0.59,1.06,1.32,1.79,2,2023-12-10 10:00:00
240.33,0.0,3.3,65.8,0.64,1.18,1.48,2.01,2,2023-12-10 11:00:00
247.0,0.0,4.63,61.51,0.75,1.38,1.73,2.28,2,2023-12-10 12:00:00
270.37,0.01,9.17,55.07,0.88,2.15,2.64,2.85,1,2023-12-10 13:00:00
307.08,0.03,15.77,46.49,0.98,3.05,3.74,3.51,1,2023-12-10 14:00:00
323.77,1.01,17.99,42.2,1.03,3.41,4.29,4.02,1,2023-12-10 15:00:00
317.1,2.35,15.08,43.27,1.03,3.13,4.2,4.12,1,2023-12-10 16:00:00
303.75,3.46,11.65,45.42,1.03,2.76,4.05,3.8,1,2023-12-10 17:00:00
293.73,3.63,9.94,46.49,1.27,2.54,4.06,3.48,1,2023-12-10 18:00:00
257.02,1.36,5.57,62.94,0.95,1.49,3.09,2.06,2,2023-12-10 19:00:00
253.68,0.95,5.06,65.09,0.84,1.27,2.76,1.66,2,2023-12-10 20:00:00
253.68,0.64,5.48,63.66,0.89,1.1,2.42,1.54,2,2023-12-10 21:00:00
263.69,0.27,8.14,59.37,1.1,1.19,2.28,1.52,1,2023-12-10 22:00:00
283.72,0.05,12.17,50.78,1.28,1.54,2.52,1.68,1,2023-12-10 23:00:00
300.41,0.02,14.22,44.7,1.13,1.82,2.72,1.79,1,2023-12-11 00:00:00
307.08,0.02,14.39,42.2,0.88,2.13,3.06,1.87,1,2023-12-11 01:00:00
303.75,0.02,13.37,41.48,0.86,2.34,3.29,1.88,1,2023-12-11 02:00:00
297.07,0.02,12.0,41.13,0.83,2.35,3.25,1.85,1,2023-12-11 03:00:00
303.75,0.04,13.02,37.19,0.62,2.78,3.67,1.84,1,2023-12-11 04:00:00
317.1,0.1,15.77,30.04,0.6,3.41,4.36,2.18,1,2023-12-11 05:00:00
317.1,0.1,15.25,26.46,0.62,3.17,4.06,2.34,1,2023-12-11 06:00:00
320.43,0.16,15.25,22.35,0.72,3.43,4.33,2.66,1,2023-12-11 07:00:00
337.12,0.29,18.16,16.09,0.93,4.49,5.52,3.13,1,2023-12-11 08:00:00
367.16,0.67,23.99,9.21,1.22,6.43,7.65,3.61,1,2023-12-11 09:00:00
400.54,1.05,28.79,5.99,1.37,8.33,9.84,4.18,1,2023-12-11 10:00:00
410.56,1.24,29.13,5.1,1.31,9.02,10.71,4.75,1,2023-12-11 11:00:00
410.56,1.58,28.45,4.56,1.3,9.15,10.85,5.45,1,2023-12-11 12:00:00
427.25,3.38,28.79,3.13,1.39,9.63,11.34,6.27,1,2023-12-11 13:00:00
480.65,9.39,30.85,0.71,1.51,11.32,13.19,7.28,2,2023-12-11 14:00:00
534.06,17.43,28.79,2.75,1.64,12.93,15.06,7.92,2,2023-12-11 15:00:00
574.11,25.93,23.99,8.49,1.91,14.66,17.07,8.11,2,2023-12-11 16:00:00
594.14,30.4,21.93,12.34,1.82,16.06,18.67,6.33,2,2023-12-11 17:00:00
567.44,28.16,21.25,15.2,1.8,16.22,18.95,5.45,2,2023-12-11 18:00:00
357.15,7.71,13.19,36.48,3.34,9.2,11.24,2.72,1,2023-12-11 19:00:00
317.1,4.14,9.51,42.56,2.71,7.93,10.1,2.34,1,2023-12-11 20:00:00
307.08,2.74,9.0,45.06,2.32,7.37,9.91,2.37,1,2023-12-11 21:00:00
357.15,3.16,17.82,34.33,1.73,8.19,11.2,2.85,1,2023-12-11 22:00:00
447.27,2.85,34.96,12.34,1.13,9.59,13.1,3.48,1,2023-12-11 23:00:00
500.68,5.87,41.13,2.7,0.79,9.99,14.05,3.83,2,2023-12-12 00:00:00
540.73,9.72,41.13,0.83,0.65,10.87,15.59,4.12,2,2023-12-12 01:00:00
534.06,8.94,40.44,0.86,0.55,11.0,15.87,4.02,2,2023-12-12 02:00:00
487.33,4.3,36.67,3.17,0.45,9.29,13.28,3.55,1,2023-12-12 03:00:00
427.25,1.03,29.82,9.92,0.42,7.57,10.53,3.04,1,2023-12-12 04:00:00
393.87,0.31,23.31,17.88,0.41,6.88,9.4,2.66,1,2023-12-12 05:00:00
340.46,0.05,14.05,29.33,0.42,5.1,7.18,2.09,1,2023-12-12 06:00:00
277.04,0.0,5.44,50.07,0.62,3.15,5.61,1.77,1,2023-12-12 07:00:00
267.03,0.0,4.5,51.5,1.03,2.75,5.1,1.66,1,2023-12-12 08:00:00
267.03,0.0,4.67,52.21,1.61,2.44,4.21,1.44,1,2023-12-12 09:00:00
267.03,0.0,4.93,52.93,2.15,2.28,3.59,1.31,1,2023-12-12 10:00:00
267.03,0.0,5.36,52.93,2.44,2.32,3.34,1.52,1,2023-12-12 11:00:00
273.7,0.0,6.25,52.93,2.47,2.49,3.28,1.71,1,2023-12-12 12:00:00
290.39,0.01,9.77,50.07,2.71,3.15,3.87,2.09,1,2023-12-12 13:00:00
310.42,0.02,13.88,47.21,3.34,3.69,4.42,2.37,1,2023-12-12 14:00:00
313.76,0.42,14.22,47.92,4.71,3.64,4.36,2.37,1,2023-12-12 15:00:00
300.41,1.1,12.85,52.21,7.45,3.28,3.97,2.22,1,2023-12-12 16:00:00
293.73,1.72,12.34,53.64,8.94,3.05,3.77,2.09,1,2023-12-12 17:00:00
283.72,1.7,11.65,55.07,8.82,2.77,3.49,1.96,1,2023-12-12 18:00:00
277.04,1.55,10.97,58.65,7.87,2.43,3.15,1.77,1,2023-12-12 19:00:00
280.38,1.45,11.82,60.8,7.15,2.31,3.04,1.65,2,2023-12-12 20:00:00
283.72,1.2,14.22,60.8,7.99,2.27,3.09,1.63,2,2023-12-12 21:00:00
287.06,0.54,17.99,58.65,9.66,2.28,3.21,1.69,1,2023-12-12 22:00:00
300.41,0.07,21.93,53.64,11.21,2.44,3.52,1.85,1,2023-12-12 23:00:00
307.08,0.01,24.33,51.5,12.16,2.58,3.79,1.98,1,2023-12-13 00:00:00
340.46,0.03,28.1,45.06,9.42,3.59,5.01,2.41,1,2023-12-13 01:00:00
383.85,0.07,31.53,36.12,4.95,5.38,7.02,2.94,1,2023-12-13 02:00:00
403.88,0.12,31.87,30.4,2.59,6.69,8.51,3.45,1,2023-12-13 03:00:00
407.22,0.16,30.5,27.18,1.7,7.09,8.99,4.02,1,2023-12-13 04:00:00
383.85,0.11,26.73,28.61,1.33,6.11,7.87,4.02,1,2023-12-13 05:00:00
340.46,0.03,19.88,35.76,1.24,4.34,5.73,3.55,1,2023-12-13 06:00:00
313.76,0.02,15.94,39.7,1.21,3.63,4.72,3.13,1,2023-12-13 07:00:00
313.76,0.03,16.11,36.48,1.18,4.06,5.04,3.1,1,2023-12-13 08:00:00
320.43,0.04,17.31,32.54,1.22,4.7,5.65,3.17,1,2023-12-13 09:00:00
330.45,0.07,19.71,27.54,1.39,5.63,6.63,3.36,1,2023-12-13 10:00:00
347.14,0.16,22.62,21.99,1.59,6.62,7.68,3.74,1,2023-12-13 11:00:00
370.5,0.45,25.36,15.74,1.76,7.65,8.8,4.31,1,2023-12-13 12:00:00
440.6,3.91,32.22,5.28,1.8,10.27,11.77,5.64,2,2023-12-13 13:00:00
554.08,15.42,37.01,0.4,1.79,13.53,15.42,7.03,2,2023-12-13 14:00:00
640.87,24.59,40.44,1.11,1.89,16.09,18.25,7.73,2,2023-12-13 15:00:00
607.49,24.14,33.93,8.14,1.77,14.59,16.78,6.65,2,2023-12-13 16:00:00
540.73,21.23,25.7,15.56,1.49,12.3,14.47,5.0,2,2023-12-13 17:00:00
494.0,18.1,21.42,19.85,1.64,10.74,12.87,4.18,2,2023-12-13 18:00:00
337.12,5.2,14.57,45.78,4.83,6.72,8.09,2.09,1,2023-12-13 19:00:00
317.1,3.21,13.37,48.64,4.83,6.71,8.06,1.69,1,2023-12-13 20:00:00
310.42,1.96,14.57,47.21,5.13,7.45,9.06,1.49,1,2023-12-13 21:00:00
377.18,2.93,27.08,30.4,5.54,9.64,11.68,2.12,1,2023-12-13 22:00:00
480.65,5.25,42.84,6.44,4.77,11.96,14.34,3.1,2,2023-12-13 23:00:00
534.06,12.29,40.1,0.53,3.55,13.07,15.69,3.61,2,2023-12-14 00:00:00
540.73,14.31,36.33,0.3,2.83,14.21,17.07,3.7,2,2023-12-14 01:00:00
514.03,11.62,35.99,0.45,2.56,15.01,17.86,3.42,2,2023-12-14 02:00:00
467.3,6.65,35.99,1.48,2.71,14.38,17.02,2.94,2,2023-12-14 03:00:00
420.57,1.79,33.59,7.06,2.41,13.15,15.39,2.15,2,2023-12-14 04:00:00
423.91,1.82,32.22,6.97,1.36,13.06,15.14,1.74,2,2023-12-14 05:00:00
413.89,1.44,29.13,6.62,1.25,12.18,14.04,2.09,2,2023-12-14 06:00:00
397.21,0.98,25.36,7.33,1.22,11.55,13.24,2.09,2,2023-12-14 07:00:00
380.52,0.68,22.28,8.31,1.19,11.35,12.89,2.12,2,2023-12-14 08:00:00
373.84,0.64,20.73,8.23,1.15,11.31,12.74,2.25,2,2023-12-14 09:00:00
373.84,0.77,20.39,6.97,1.12,11.46,12.82,2.47,2,2023-12-14 10:00:00
377.18,1.09,20.56,5.28,1.13,11.62,12.97,2.72,2,2023-12-14 11:00:00
390.53,2.15,21.25,3.22,1.15,12.0,13.43,3.07,2,2023-12-14 12:00:00
447.27,7.93,22.96,0.74,1.19,13.83,15.62,3.93,2,2023-12-14 13:00:00
527.38,17.21,23.65,0.07,1.27,15.9,18.08,4.75,2,2023-12-14 14:00:00
547.41,19.22,23.31,0.42,1.43,16.3,18.69,4.37,2,2023-12-14 15:00:00
480.65,12.74,20.73,3.31,1.21,15.21,17.56,1.41,2,2023-12-14 16:00:00
453.95,11.51,16.96,8.05,1.25,15.38,17.69,0.94,2,2023-12-14 17:00:00
433.92,11.06,13.71,13.59,1.7,16.16,18.44,0.96,2,2023-12-14 18:00:00
383.85,6.26,12.85,26.82,3.28,18.03,20.22,0.33,2,2023-12-14 19:00:00
373.84,4.58,13.88,30.4,3.1,17.82,19.94,0.45,2,2023-12-14 20:00:00
367.16,2.88,15.08,31.83,2.68,16.96,19.02,0.69,2,2023-12-14 21:00:00
377.18,1.23,19.02,28.61,2.26,16.44,18.48,1.06,2,2023-12-14 22:00:00
403.88,0.42,25.36,21.1,1.85,16.08,18.12,1.5,2,2023-12-14 23:00:00
423.91,0.45,28.79,16.27,1.94,15.89,17.91,1.71,2,2023-12-15 00:00:00
423.91,0.41,29.47,16.63,2.53,16.39,18.3,1.57,2,2023-12-15 01:00:00
400.54,0.19,25.7,22.17,2.56,16.58,18.15,1.3,2,2023-12-15 02:00:00
370.5,0.05,20.56,30.04,2.41,16.15,17.35,1.01,2,2023-12-15 03:00:00
357.15,0.03,18.51,32.9,2.21,16.16,17.17,0.86,2,2023-12-15 04:00:00
367.16,0.06,20.56,28.61,1.76,16.74,17.82,0.85,2,2023-12-15 05:00:00
367.16,0.05,20.56,26.11,1.46,16.95,18.08,0.7,2,2023-12-15 06:00:00
357.15,0.05,18.68,25.03,1.43,16.54,17.54,0.55,2,2023-12-15 07:00:00
353.81,0.07,18.16,22.89,1.46,16.25,17.09,0.5,2,2023-12-15 08:00:00
360.49,0.11,19.02,19.13,1.43,16.73,17.52,0.49,2,2023-12-15 09:00:00
373.84,0.25,21.25,13.95,1.19,17.64,18.43,0.51,2,2023-12-15 10:00:00
393.87,0.68,23.99,8.14,1.04,18.58,19.43,0.6,2,2023-12-15 11:00:00
420.57,2.6,26.73,2.77,1.07,19.91,20.87,0.8,2,2023-12-15 12:00:00
514.03,13.3,28.79,0.16,1.28,23.62,24.96,1.36,2,2023-12-15 13:00:00
647.54,29.5,31.19,0.0,1.39,27.96,29.66,1.66,3,2023-12-15 14:00:00
727.65,38.0,33.24,0.12,1.45,30.35,32.22,1.52,3,2023-12-15 15:00:00
687.6,32.63,34.27,0.8,1.55,28.9,30.8,1.19,3,2023-12-15 16:00:00
634.19,27.05,32.22,2.37,1.62,26.82,28.7,1.06,3,2023-12-15 17:00:00
607.49,25.7,29.82,3.89,1.73,25.37,27.16,1.08,3,2023-12-15 18:00:00
433.92,6.65,26.05,16.45,2.26,17.32,18.29,0.59,2,2023-12-15 19:00:00
390.53,3.55,21.93,18.95,1.91,13.72,14.4,0.66,2,2023-12-15 20:00:00
370.5,2.15,21.59,18.95,1.91,11.22,11.77,0.7,2,2023-12-15 21:00:00
427.25,3.97,31.53,7.51,1.65,11.58,12.3,1.12,2,2023-12-15 22:00:00
560.76,18.33,36.67,0.23,1.48,14.38,15.46,1.82,2,2023-12-15 23:00:00
707.63,37.1,37.36,0.0,1.56,17.74,19.21,2.72,2,2023-12-16 00:00:00
827.79,52.75,40.1,0.0,1.86,22.1,23.94,3.7,2,2023-12-16 01:00:00
921.25,65.27,42.5,0.0,1.94,27.33,29.33,4.18,3,2023-12-16 02:00:00
1014.71,74.21,45.24,0.0,1.79,32.95,35.17,4.12,3,2023-12-16 03:00:00
1054.76,76.89,46.61,0.0,1.42,36.85,39.0,3.17,3,2023-12-16 04:00:00
988.01,64.37,45.93,0.0,0.97,35.75,37.48,1.65,3,2023-12-16 05:00:00
741.0,33.53,39.07,0.02,0.72,26.21,27.25,0.7,3,2023-12-16 06:00:00
407.22,1.59,23.31,10.55,0.63,12.71,13.1,0.31,2,2023-12-16 07:00:00
310.42,0.01,9.25,30.04,0.46,6.79,6.99,0.27,1,2023-12-16 08:00:00
283.72,0.0,5.57,40.05,0.44,4.17,4.3,0.27,1,2023-12-16 09:00:00
280.38,0.0,4.58,41.13,0.45,3.47,3.58,0.25,1,2023-12-16 10:00:00
293.73,0.01,4.88,34.69,0.47,3.45,3.58,0.28,1,2023-12-16 11:00:00
300.41,0.02,5.44,30.76,0.51,3.82,4.0,0.31,1,2023-12-16 12:00:00
297.07,0.04,6.51,30.76,0.57,4.25,4.54,0.4,1,2023-12-16 13:00:00
293.73,0.04,7.37,33.97,0.55,4.13,4.51,0.5,1,2023-12-16 14:00:00
287.06,0.04,7.03,36.12,0.52,3.72,4.06,0.5,1,2023-12-16 15:00:00
290.39,0.11,6.34,35.05,0.5,3.66,3.88,0.42,1,2023-12-16 16:00:00
293.73,0.24,5.74,33.62,0.49,3.73,3.89,0.36,1,2023-12-16 17:00:00
297.07,0.37,5.23,33.26,0.46,3.73,3.87,0.34,1,2023-12-16 18:00:00
300.41,0.43,4.93,33.62,0.43,3.72,3.87,0.38,1,2023-12-16 19:00:00
300.41,0.4,4.97,33.97,0.44,3.75,3.9,0.43,1,2023-12-16 20:00:00
293.73,0.27,5.01,35.41,0.45,3.52,3.68,0.51,1,2023-12-16 21:00:00
287.06,0.16,5.1,38.27,0.43,3.12,3.28,0.58,1,2023-12-16 22:00:00
287.06,0.04,6.08,41.13,0.45,2.74,2.91,0.63,1,2023-12-16 23:00:00
287.06,0.01,6.94,43.27,0.48,2.42,2.63,0.66,1,2023-12-17 00:00:00
287.06,0.01,7.11,45.06,0.51,2.31,2.56,0.67,1,2023-12-17 01:00:00
283.72,0.01,6.34,47.92,0.51,2.09,2.36,0.66,1,2023-12-17 02:00:00
277.04,0.0,5.36,52.93,0.5,1.78,2.05,0.63,1,2023-12-17 03:00:00
300.41,0.02,9.77,47.21,0.45,2.55,3.0,0.68,1,2023-12-17 04:00:00
333.79,0.05,15.42,35.41,0.38,3.73,4.44,0.6,1,2023-12-17 05:00:00
343.8,0.07,17.14,28.25,0.5,4.08,4.9,1.2,1,2023-12-17 06:00:00
327.11,0.07,15.08,25.03,0.51,3.86,4.7,1.96,1,2023-12-17 07:00:00
313.76,0.06,12.17,23.6,0.47,3.87,4.62,2.53,1,2023-12-17 08:00:00
313.76,0.06,11.31,22.17,0.5,4.49,5.16,2.88,1,2023-12-17 09:00:00
320.43,0.06,12.0,21.82,0.57,5.3,5.93,2.94,1,2023-12-17 10:00:00
313.76,0.05,11.48,23.6,0.63,5.48,6.06,2.88,1,2023-12-17 11:00:00
300.41,0.03,9.77,29.33,0.72,5.33,5.92,2.69,1,2023-12-17 12:00:00
300.41,0.04,10.62,34.33,0.83,5.82,6.54,2.75,1,2023-12-17 13:00:00
320.43,0.09,14.05,33.26,0.9,6.78,7.93,2.88,1,2023-12-17 14:00:00
320.43,0.68,12.68,36.48,0.76,7.17,9.13,1.98,1,2023-12-17 15:00:00
293.73,1.4,7.8,47.92,0.74,6.06,8.52,1.77,1,2023-12-17 16:00:00
270.37,1.36,5.06,57.22,0.76,4.81,7.49,1.82,1,2023-12-17 17:00:00
263.69,1.16,3.81,60.8,0.83,4.63,7.44,1.87,2,2023-12-17 18:00:00
260.35,0.94,3.04,61.51,1.04,5.24,7.69,1.68,2,2023-12-17 19:00:00
257.02,0.86,3.08,62.94,1.21,4.55,6.25,1.57,2,2023-12-17 20:00:00
257.02,0.68,3.34,65.8,1.1,3.09,4.25,1.47,2,2023-12-17 21:00:00
260.35,0.45,4.71,65.8,1.0,2.16,3.06,1.52,2,2023-12-17 22:00:00
270.37,0.09,7.2,61.51,0.89,2.22,3.06,1.66,2,2023-12-17 23:00:00
280.38,0.0,8.91,58.65,0.76,2.34,3.16,1.82,1,2023-12-18 00:00:00
283.72,0.0,9.42,58.65,0.66,2.48,3.29,1.76,1,2023-12-18 01:00:00
283.72,0.0,8.83,58.65,0.58,2.57,3.41,1.49,1,2023-12-18 02:00:00
280.38,0.0,7.8,58.65,0.53,2.58,3.41,1.17,1,2023-12-18 03:00:00
273.7,0.0,6.85,59.37,0.52,2.46,3.32,1.06,1,2023-12-18 04:00:00
260.35,0.0,4.97,63.66,0.45,2.2,3.67,1.39,2,2023-12-18 05:00:00
253.68,0.0,3.0,67.95,0.39,2.07,4.31,1.66,2,2023-12-18 06:00:00
253.68,0.0,2.29,70.81,0.65,1.46,2.65,1.28,2,2023-12-18 07:00:00
253.68,0.0,2.36,69.38,0.83,1.03,1.46,0.95,2,2023-12-18 08:00:00
253.68,0.0,2.4,67.95,0.94,0.82,1.01,0.87,2,2023-12-18 09:00:00
257.02,0.0,2.36,67.23,0.95,0.73,0.86,0.88,2,2023-12-18 10:00:00
257.02,0.0,2.46,67.23,1.03,0.77,0.9,0.93,2,2023-12-18 11:00:00
257.02,0.0,2.91,67.23,1.28,0.95,1.1,1.03,2,2023-12-18 12:00:00
267.03,0.0,4.46,65.8,1.55,1.32,1.53,1.22,2,2023-12-18 13:00:00
273.7,0.0,5.74,65.8,1.65,1.49,1.76,1.36,2,2023-12-18 14:00:00
270.37,0.13,5.48,68.66,1.58,1.38,1.65,1.38,2,2023-12-18 15:00:00
263.69,0.54,4.46,72.96,1.43,1.18,1.44,1.3,2,2023-12-18 16:00:00
260.35,0.81,3.64,76.53,1.34,1.07,1.32,1.2,2,2023-12-18 17:00:00
257.02,0.87,3.3,78.68,1.31,1.02,1.27,1.09,2,2023-12-18 18:00:00
253.68,0.89,3.26,80.82,1.34,1.02,1.28,1.03,2,2023-12-18 19:00:00
253.68,0.92,3.64,81.54,1.4,1.11,1.38,1.04,2,2023-12-18 20:00:00
253.68,0.85,4.28,82.25,1.43,1.17,1.46,1.08,2,2023-12-18 21:00:00
333.79,2.18,17.14,62.94,1.37,3.13,3.7,1.92,2,2023-12-18 22:00:00
480.65,2.12,43.87,26.11,1.31,6.87,7.93,3.13,2,2023-12-18 23:00:00
654.22,10.39,63.06,2.06,1.36,11.59,13.15,4.24,2,2023-12-19 00:00:00
787.73,25.26,67.86,0.03,1.56,17.36,19.46,5.57,2,2023-12-19 01:00:00
794.41,27.05,69.23,0.03,1.74,19.61,21.98,6.27,2,2023-12-19 02:00:00
634.19,15.65,60.32,0.59,1.73,15.23,17.48,5.64,2,2023-12-19 03:00:00
383.85,0.28,30.85,28.25,1.53,6.12,7.43,3.45,1,2023-12-19 04:00:00
317.1,0.02,15.25,45.78,1.07,3.54,4.42,2.88,1,2023-12-19 05:00:00
293.73,0.0,9.42,55.07,1.0,2.41,3.01,2.47,1,2023-12-19 06:00:00
277.04,0.0,6.6,60.8,1.12,2.11,2.58,2.22,2,2023-12-19 07:00:00
270.37,0.0,5.74,61.51,1.07,2.19,2.64,2.18,2,2023-12-19 08:00:00
267.03,0.0,5.14,62.23,0.95,2.2,2.6,2.18,2,2023-12-19 09:00:00
263.69,0.0,4.28,64.37,0.86,2.03,2.54,2.09,2,2023-12-19 10:00:00
260.35,0.0,4.03,64.37,1.43,2.07,2.7,2.12,2,2023-12-19 11:00:00
260.35,0.0,4.24,62.94,1.97,2.13,2.72,2.06,2,2023-12-19 12:00:00
260.35,0.0,5.36,62.94,1.97,2.18,2.72,1.92,2,2023-12-19 13:00:00
260.35,0.0,6.25,65.09,1.62,1.92,2.41,1.79,2,2023-12-19 14:00:00
257.02,0.04,6.0,68.66,1.37,1.76,2.2,1.57,2,2023-12-19 15:00:00
253.68,0.33,5.44,70.81,2.95,2.75,3.17,1.22,2,2023-12-19 16:00:00
247.0,0.75,4.54,72.24,3.76,3.23,3.68,1.04,2,2023-12-19 17:00:00
243.66,0.89,3.73,73.67,3.1,2.91,3.42,1.01,2,2023-12-19 18:00:00
240.33,0.84,3.34,77.25,2.24,2.77,3.39,0.94,2,2023-12-19 19:00:00
240.33,0.78,3.43,79.39,1.67,2.54,3.26,0.99,2,2023-12-19 20:00:00
240.33,0.61,3.64,80.82,1.39,2.31,3.09,1.06,2,2023-12-19 21:00:00
250.34,0.44,5.4,78.68,1.39,2.59,3.42,1.17,2,2023-12-19 22:00:00
260.35,0.1,8.14,73.67,1.39,2.97,3.8,1.31,2,2023-12-19 23:00:00
270.37,0.0,9.94,69.38,1.28,3.27,4.1,1.44,2,2023-12-20 00:00:00
277.04,0.0,11.14,66.52,1.22,3.55,4.4,1.57,2,2023-12-20 01:00:00
280.38,0.0,11.31,64.37,1.18,3.66,4.54,1.63,2,2023-12-20 02:00:00
277.04,0.0,10.8,62.94,1.07,3.61,4.48,1.57,2,2023-12-20 03:00:00
280.38,0.0,10.97,60.08,0.89,3.66,4.55,1.41,2,2023-12-20 04:00:00
287.06,0.0,11.82,55.79,0.72,3.7,4.6,1.06,1,2023-12-20 05:00:00
280.38,0.0,10.62,52.93,0.61,3.35,4.16,0.66,1,2023-12-20 06:00:00
277.04,0.0,9.6,50.78,0.53,3.22,3.96,0.46,1,2023-12-20 07:00:00
273.7,0.0,9.08,48.64,0.6,3.37,4.08,0.67,1,2023-12-20 08:00:00
270.37,0.01,9.0,45.78,0.69,3.64,4.34,0.89,1,2023-12-20 09:00:00
273.7,0.01,9.6,42.56,0.72,3.96,4.68,0.96,1,2023-12-20 10:00:00
277.04,0.02,10.54,38.27,0.79,4.28,5.03,1.19,1,2023-12-20 11:00:00
290.39,0.05,12.68,33.62,0.87,4.83,5.65,1.57,1,2023-12-20 12:00:00
337.12,0.34,21.08,23.25,0.98,6.75,7.85,2.44,1,2023-12-20 13:00:00
403.88,1.82,31.53,10.64,1.13,8.87,10.31,3.26,1,2023-12-20 14:00:00
440.6,4.75,32.9,7.6,0.93,9.78,11.4,1.57,1,2023-12-20 15:00:00
403.88,5.87,23.99,16.99,0.92,8.59,10.2,1.0,1,2023-12-20 16:00:00
373.84,6.31,18.34,23.6,1.0,7.5,9.07,1.11,1,2023-12-20 17:00:00
350.48,5.7,15.59,27.89,1.31,6.77,8.2,1.36,1,2023-12-20 18:00:00
303.75,3.21,11.65,40.05,3.67,7.1,8.47,1.06,1,2023-12-20 19:00:00
300.41,2.79,11.65,42.2,4.53,7.88,9.36,1.09,1,2023-12-20 20:00:00
297.07,2.01,13.19,42.56,6.08,8.72,10.34,1.14,1,2023-12-20 21:00:00
320.43,1.12,20.56,34.33,8.11,9.87,11.68,1.44,1,2023-12-20 22:00:00
363.83,0.57,29.82,21.46,6.38,10.76,12.65,1.92,2,2023-12-20 23:00:00
397.21,0.85,33.24,13.59,3.28,10.95,12.78,1.9,2,2023-12-21 00:00:00
403.88,1.03,31.87,11.62,1.49,11.06,12.79,1.63,2,2023-12-21 01:00:00
387.19,0.71,27.76,13.77,0.93,11.05,12.76,1.39,2,2023-12-21 02:00:00
367.16,0.39,23.99,16.99,0.81,10.79,12.48,1.14,2,2023-12-21 03:00:00
350.48,0.25,20.73,19.67,0.77,10.46,12.12,0.92,2,2023-12-21 04:00:00
347.14,0.24,20.05,19.67,0.75,10.51,12.11,0.71,2,2023-12-21 05:00:00
333.79,0.14,17.82,20.56,0.75,10.15,11.58,0.52,2,2023-12-21 06:00:00
323.77,0.13,16.62,20.21,0.68,10.3,11.61,0.46,2,2023-12-21 07:00:00
320.43,0.15,15.94,18.78,0.57,10.9,12.15,0.46,2,2023-12-21 08:00:00
320.43,0.18,15.42,17.34,0.51,11.63,12.83,0.48,2,2023-12-21 09:00:00
320.43,0.23,15.77,15.38,0.5,12.61,13.65,0.49,2,2023-12-21 10:00:00
323.77,0.34,16.28,13.05,0.51,13.45,14.39,0.51,2,2023-12-21 11:00:00
337.12,0.73,17.99,9.83,0.52,14.47,15.42,0.59,2,2023-12-21 12:00:00
393.87,4.36,22.96,3.22,0.54,16.91,18.08,0.96,2,2023-12-21 13:00:00
473.98,12.96,24.68,0.39,0.58,19.17,20.6,1.19,2,2023-12-21 14:00:00
487.33,15.2,23.99,0.28,0.69,19.01,20.54,1.08,2,2023-12-21 15:00:00
410.56,7.26,21.59,1.97,0.81,15.84,17.41,0.84,2,2023-12-21 16:00:00
363.83,3.8,18.51,5.5,0.91,13.17,14.82,0.74,2,2023-12-21 17:00:00
330.45,1.9,15.25,12.87,1.18,10.63,12.24,0.67,2,2023-12-21 18:00:00
287.06,0.42,9.6,31.83,1.48,7.53,9.25,0.49,1,2023-12-21 19:00:00
277.04,0.25,8.83,37.19,1.37,6.47,8.43,0.46,1,2023-12-21 20:00:00
277.04,0.16,8.83,38.27,1.37,6.25,8.49,0.46,1,2023-12-21 21:00:00
300.41,0.15,13.88,30.76,1.27,6.95,9.46,0.64,1,2023-12-21 22:00:00
343.8,0.41,21.59,17.88,1.09,8.07,10.81,0.8,1,2023-12-21 23:00:00
377.18,1.34,26.05,9.03,0.9,9.0,11.85,0.9,1,2023-12-22 00:00:00
390.53,2.18,27.42,5.45,0.8,9.88,12.79,0.93,1,2023-12-22 01:00:00
370.5,1.51,24.68,6.88,0.84,9.97,12.81,0.82,1,2023-12-22 02:00:00
333.79,0.5,19.54,13.23,0.92,9.22,11.85,0.67,1,2023-12-22 03:00:00
300.41,0.11,14.05,22.17,0.94,8.28,10.52,0.56,1,2023-12-22 04:00:00
290.39,0.08,12.85,23.96,0.83,8.07,9.88,0.5,1,2023-12-22 05:00:00
280.38,0.04,10.8,24.68,0.77,7.44,8.77,0.4,1,2023-12-22 06:00:00
273.7,0.03,9.17,24.68,0.63,7.0,7.92,0.35,1,2023-12-22 07:00:00
270.37,0.04,8.65,22.35,0.53,6.88,7.59,0.34,1,2023-12-22 08:00:00
270.37,0.06,8.83,19.67,0.51,6.85,7.47,0.36,1,2023-12-22 09:00:00
277.04,0.14,10.02,15.38,0.49,7.18,7.78,0.37,1,2023-12-22 10:00:00
290.39,0.36,12.0,10.1,0.48,7.76,8.38,0.43,1,2023-12-22 11:00:00
313.76,1.2,14.39,5.14,0.51,8.6,9.27,0.55,1,2023-12-22 12:00:00
380.52,7.6,17.65,0.71,0.58,10.81,11.67,0.98,2,2023-12-22 13:00:00
480.65,19.67,18.34,0.02,0.66,13.25,14.33,1.42,2,2023-12-22 14:00:00
547.41,26.38,19.36,0.08,0.74,14.1,15.32,1.61,2,2023-12-22 15:00:00
540.73,25.93,19.02,0.48,0.81,13.11,14.38,1.57,2,2023-12-22 16:00:00
534.06,25.7,17.31,1.03,0.87,12.45,13.73,1.39,2,2023-12-22 17:00:00
514.03,23.02,16.11,1.61,0.95,12.06,13.34,1.17,2,2023-12-22 18:00:00
390.53,7.1,14.91,9.12,1.61,11.68,13.6,0.71,2,2023-12-22 19:00:00
373.84,4.92,13.02,15.56,1.65,13.8,16.89,0.68,2,2023-12-22 20:00:00
383.85,4.81,13.54,16.99,1.94,15.62,19.41,0.78,2,2023-12-22 21:00:00
460.62,9.61,20.73,8.94,1.52,18.59,22.83,1.28,2,2023-12-22 22:00:00
607.49,23.25,27.08,0.77,1.16,22.85,27.55,2.06,2,2023-12-22 23:00:00
741.0,38.44,29.13,0.0,1.31,26.62,31.8,3.32,3,2023-12-23 00:00:00
841.14,49.62,31.87,0.0,1.94,31.03,36.84,5.64,3,2023-12-23 01:00:00
867.84,51.41,33.59,0.0,2.38,34.13,40.7,7.22,3,2023-12-23 02:00:00
814.44,44.7,32.9,0.0,2.41,34.0,41.29,7.66,3,2023-12-23 03:00:00
714.3,34.87,30.16,0.0,2.18,31.26,39.22,7.66,3,2023-12-23 04:00:00
634.19,28.16,27.42,0.0,1.94,28.39,36.7,7.47,3,2023-12-23 05:00:00
567.44,21.46,24.33,0.01,1.73,24.98,33.25,6.84,2,2023-12-23 06:00:00
500.68,13.3,21.76,0.02,1.1,21.82,29.78,5.0,2,2023-12-23 07:00:00
473.98,8.05,21.08,0.03,0.69,20.38,27.74,3.29,2,2023-12-23 08:00:00
467.3,5.64,21.25,0.08,0.56,19.79,26.38,2.25,2,2023-12-23 09:00:00
460.62,4.3,20.39,0.27,0.53,19.18,24.97,1.68,2,2023-12-23 10:00:00
447.27,3.16,18.68,0.73,0.53,18.32,23.37,1.39,2,2023-12-23 11:00:00
440.6,2.6,17.14,1.4,0.54,17.58,22.13,1.25,2,2023-12-23 12:00:00
460.62,4.75,17.48,0.99,0.39,17.75,22.08,0.73,2,2023-12-23 13:00:00
487.33,8.27,17.82,0.35,0.37,17.54,21.78,0.66,2,2023-12-23 14:00:00
480.65,8.49,16.45,1.92,0.41,16.21,20.55,0.59,2,2023-12-23 15:00:00
413.89,4.75,11.48,11.27,0.53,14.69,19.76,0.47,2,2023-12-23 16:00:00
380.52,4.14,8.14,17.7,0.61,13.64,19.23,0.56,2,2023-12-23 17:00:00
357.15,3.55,6.85,21.99,0.95,12.7,19.09,0.76,2,2023-12-23 18:00:00
330.45,1.51,7.88,29.33,2.35,13.09,20.02,0.73,2,2023-12-23 19:00:00
327.11,1.15,8.23,29.68,2.44,12.09,17.82,0.84,2,2023-12-23 20:00:00
323.77,0.76,8.48,28.61,2.18,10.04,13.81,0.93,2,2023-12-23 21:00:00
297.07,0.14,8.31,34.33,2.71,6.98,9.4,0.63,1,2023-12-23 22:00:00
273.7,0.02,7.63,36.84,2.95,5.24,7.11,0.35,1,2023-12-23 23:00:00
273.7,0.01,7.8,35.76,2.8,5.0,6.59,0.26,1,2023-12-24 00:00:00
273.7,0.01,7.97,34.69,2.71,5.16,6.23,0.26,1,2023-12-24 01:00:00
273.7,0.01,7.8,32.54,2.53,4.85,5.65,0.28,1,2023-12-24 02:00:00
267.03,0.01,7.03,31.83,2.09,4.32,5.0,0.26,1,2023-12-24 03:00:00
250.34,0.0,5.48,37.55,1.68,3.39,4.0,0.21,1,2023-12-24 04:00:00
236.99,0.0,4.11,47.21,1.43,2.43,2.96,0.17,1,2023-12-24 05:00:00
233.65,0.0,3.3,53.64,1.34,2.04,2.44,0.13,1,2023-12-24 06:00:00
230.31,0.0,3.0,55.79,1.48,2.25,2.65,0.12,1,2023-12-24 07:00:00
230.31,0.0,3.13,54.36,2.0,2.81,3.37,0.13,1,2023-12-24 08:00:00
233.65,0.0,3.77,51.5,2.35,3.21,3.93,0.16,1,2023-12-24 09:00:00
236.99,0.0,4.2,49.35,2.35,3.3,3.87,0.16,1,2023-12-24 10:00:00
236.99,0.0,4.03,48.64,1.89,2.65,2.94,0.13,1,2023-12-24 11:00:00
233.65,0.0,3.77,47.92,1.55,2.12,2.31,0.12,1,2023-12-24 12:00:00
236.99,0.0,4.2,48.64,1.36,1.92,2.08,0.14,1,2023-12-24 13:00:00
240.33,0.0,5.31,48.64,1.36,1.66,1.83,0.17,1,2023-12-24 14:00:00
243.66,0.01,6.0,48.64,1.46,1.38,1.55,0.19,1,2023-12-24 15:00:00
243.66,0.04,5.83,47.92,1.53,1.19,1.35,0.18,1,2023-12-24 16:00:00
240.33,0.11,5.57,45.78,1.45,1.16,1.3,0.16,1,2023-12-24 17:00:00
243.66,0.18,5.23,45.06,1.34,1.16,1.29,0.14,1,2023-12-24 18:00:00
247.0,0.21,5.74,43.63,1.16,1.21,1.35,0.16,1,2023-12-24 19:00:00
260.35,0.25,8.31,39.7,1.24,1.59,1.77,0.26,1,2023-12-24 20:00:00
273.7,0.19,9.94,37.19,1.09,1.87,2.08,0.29,1,2023-12-24 21:00:00
300.41,0.14,7.97,25.03,0.51,3.35,3.51,0.39,1,2023-12-24 22:00:00
323.77,0.1,8.23,22.53,0.43,5.06,5.22,0.48,1,2023-12-24 23:00:00
310.42,0.07,7.63,25.39,0.43,3.79,3.95,0.47,1,2023-12-25 00:00:00
297.07,0.03,6.0,30.76,0.44,1.68,1.81,0.38,1,2023-12-25 01:00:00
287.06,0.02,4.71,36.48,0.42,0.89,1.01,0.27,1,2023-12-25 02:00:00
280.38,0.01,3.98,39.7,0.38,0.77,0.88,0.24,1,2023-12-25 03:00:00
280.38,0.01,3.77,40.05,0.32,0.8,0.89,0.23,1,2023-12-25 04:00:00
280.38,0.01,3.51,40.41,0.35,0.73,0.81,0.21,1,2023-12-25 05:00:00
277.04,0.0,3.0,42.2,0.47,0.6,0.66,0.17,1,2023-12-25 06:00:00
270.37,0.0,2.87,44.35,0.68,0.56,0.62,0.16,1,2023-12-25 07:00:00
263.69,0.0,2.63,47.21,0.74,0.5,0.56,0.15,1,2023-12-25 08:00:00
257.02,0.0,2.57,50.78,0.88,0.5,0.56,0.14,1,2023-12-25 09:00:00
253.68,0.0,2.57,54.36,1.03,0.5,0.56,0.14,1,2023-12-25 10:00:00
250.34,0.0,2.53,57.22,1.04,0.5,0.56,0.15,1,2023-12-25 11:00:00
250.34,0.0,2.57,58.65,0.88,0.5,0.56,0.16,1,2023-12-25 12:00:00
253.68,0.0,3.6,57.94,0.78,0.5,0.59,0.23,1,2023-12-25 13:00:00
260.35,0.01,4.76,56.51,0.74,0.54,0.65,0.29,1,2023-12-25 14:00:00
260.35,0.02,4.84,56.51,0.67,0.54,0.66,0.36,1,2023-12-25 15:00:00
257.02,0.11,4.5,57.22,0.63,0.55,0.67,0.43,1,2023-12-25 16:00:00
257.02,0.22,4.07,57.94,0.57,0.51,0.62,0.41,1,2023-12-25 17:00:00
257.02,0.28,3.77,60.08,0.54,0.5,0.6,0.39,2,2023-12-25 18:00:00
257.02,0.33,3.68,63.66,0.52,0.5,0.61,0.42,2,2023-12-25 19:00:00
257.02,0.3,4.16,66.52,0.57,0.52,0.64,0.5,2,2023-12-25 20:00:00
260.35,0.22,4.71,67.95,0.63,0.58,0.71,0.54,2,2023-12-25 21:00:00
260.35,0.14,5.36,67.95,0.63,0.62,0.77,0.6,2,2023-12-25 22:00:00
267.03,0.02,6.68,66.52,0.61,0.7,0.86,0.69,2,2023-12-25 23:00:00
270.37,0.0,7.45,66.52,0.54,0.77,0.96,0.75,2,2023-12-26 00:00:00
270.37,0.0,7.37,67.23,0.51,0.9,1.13,0.8,2,2023-12-26 01:00:00
267.03,0.0,6.51,68.66,0.5,0.9,1.18,0.82,2,2023-12-26 02:00:00
263.69,0.0,5.44,70.1,0.49,0.83,1.11,0.8,2,2023-12-26 03:00:00
260.35,0.0,5.18,70.1,0.53,0.89,1.18,0.79,2,2023-12-26 04:00:00
260.35,0.0,5.14,69.38,0.65,0.91,1.21,0.77,2,2023-12-26 05:00:00
253.68,0.0,4.16,69.38,0.94,0.71,0.97,0.67,2,2023-12-26 06:00:00
250.34,0.0,3.3,68.66,0.95,0.65,0.86,0.59,2,2023-12-26 07:00:00
247.0,0.0,3.04,67.95,0.68,0.72,0.92,0.54,2,2023-12-26 08:00:00
247.0,0.0,2.96,67.23,0.72,0.77,1.0,0.51,2,2023-12-26 09:00:00
247.0,0.0,3.43,66.52,1.24,0.82,1.08,0.55,2,2023-12-26 10:00:00
247.0,0.0,4.03,65.8,1.91,0.83,1.12,0.63,2,2023-12-26 11:00:00
250.34,0.0,4.97,65.09,2.59,0.82,1.13,0.72,2,2023-12-26 12:00:00
263.69,0.0,8.05,62.23,3.28,1.13,1.51,0.91,2,2023-12-26 13:00:00
273.7,0.01,10.88,59.37,3.67,1.3,1.75,1.01,1,2023-12-26 14:00:00
273.7,0.07,10.71,60.8,4.17,1.16,1.61,0.93,2,2023-12-26 15:00:00
260.35,0.34,8.57,65.09,5.13,0.74,1.13,0.69,2,2023-12-26 16:00:00
253.68,0.71,7.71,65.8,5.96,0.55,0.91,0.58,2,2023-12-26 17:00:00
250.34,0.96,7.54,65.8,7.09,0.5,0.87,0.5,2,2023-12-26 18:00:00
247.0,0.8,6.34,67.95,5.36,0.5,0.79,0.33,2,2023-12-26 19:00:00
247.0,0.68,6.17,68.66,4.65,0.5,0.73,0.28,2,2023-12-26 20:00:00
247.0,0.51,6.51,68.66,4.77,0.5,0.72,0.27,2,2023-12-26 21:00:00
257.02,0.34,9.25,65.8,5.36,0.53,0.78,0.37,2,2023-12-26 22:00:00
270.37,0.07,12.51,61.51,5.66,0.77,1.07,0.57,2,2023-12-26 23:00:00
283.72,0.01,14.22,58.65,5.3,1.04,1.38,0.79,1,2023-12-27 00:00:00
283.72,0.01,13.54,58.65,4.11,1.25,1.66,0.93,1,2023-12-27 01:00:00
280.38,0.0,11.65,60.08,2.86,1.34,1.81,1.01,2,2023-12-27 02:00:00
273.7,0.0,9.94,60.8,2.18,1.31,1.76,1.03,2,2023-12-27 03:00:00
273.7,0.0,9.34,60.08,1.94,1.38,1.8,1.12,2,2023-12-27 04:00:00
270.37,0.0,8.57,58.65,1.76,1.32,1.72,1.25,1,2023-12-27 05:00:00
263.69,0.0,6.85,59.37,1.56,1.08,1.4,1.36,1,2023-12-27 06:00:00
260.35,0.0,6.17,58.65,1.48,1.29,1.58,1.55,1,2023-12-27 07:00:00
263.69,0.0,6.08,57.94,1.45,1.79,2.09,1.8,1,2023-12-27 08:00:00
263.69,0.0,5.83,57.22,1.33,2.11,2.41,2.12,1,2023-12-27 09:00:00
263.69,0.0,5.36,56.51,1.03,2.23,2.55,2.53,1,2023-12-27 10:00:00
267.03,0.0,5.14,55.79,0.95,2.35,2.66,2.69,1,2023-12-27 11:00:00
270.37,0.0,5.57,55.07,1.1,2.61,2.91,2.82,1,2023-12-27 12:00:00
280.38,0.01,7.88,51.5,1.22,3.18,3.55,3.17,1,2023-12-27 13:00:00
293.73,0.02,10.2,48.64,1.21,3.58,4.04,3.64,1,2023-12-27 14:00:00
300.41,0.32,10.28,48.64,1.45,3.76,4.3,4.18,1,2023-12-27 15:00:00
297.07,1.77,9.25,51.5,2.68,3.92,4.54,4.81,1,2023-12-27 16:00:00
293.73,2.96,8.14,53.64,4.77,3.87,4.55,5.07,1,2023-12-27 17:00:00
290.39,3.41,7.63,54.36,6.56,3.84,4.53,4.88,1,2023-12-27 18:00:00
287.06,2.57,7.63,55.07,6.68,3.86,4.5,4.12,1,2023-12-27 19:00:00
290.39,2.49,7.88,55.07,6.91,4.3,4.95,3.48,1,2023-12-27 20:00:00
293.73,2.21,8.65,54.36,7.09,4.69,5.36,3.17,1,2023-12-27 21:00:00
300.41,1.3,11.14,50.78,8.46,5.13,5.83,3.58,1,2023-12-27 22:00:00
310.42,0.22,13.88,47.21,9.3,5.62,6.32,3.99,1,2023-12-27 23:00:00
320.43,0.02,13.88,47.21,6.85,5.9,6.56,4.02,1,2023-12-28 00:00:00
323.77,0.02,13.02,47.92,4.35,6.2,6.82,3.89,1,2023-12-28 01:00:00
323.77,0.01,12.51,48.64,3.64,6.39,7.0,3.74,1,2023-12-28 02:00:00
323.77,0.01,12.0,48.64,3.61,6.42,7.01,3.51,1,2023-12-28 03:00:00
323.77,0.01,12.17,47.92,3.81,6.55,7.13,3.39,1,2023-12-28 04:00:00
323.77,0.01,12.17,46.49,4.05,6.53,7.11,3.32,1,2023-12-28 05:00:00
317.1,0.01,11.31,45.78,4.11,6.2,6.72,3.26,1,2023-12-28 06:00:00
313.76,0.0,10.62,44.7,3.7,6.19,6.66,3.32,1,2023-12-28 07:00:00
317.1,0.0,10.54,43.27,3.19,6.6,7.08,3.51,1,2023-12-28 08:00:00
317.1,0.01,10.54,41.84,2.71,6.82,7.3,3.8,1,2023-12-28 09:00:00
317.1,0.01,10.45,40.41,2.21,6.97,7.46,4.12,1,2023-12-28 10:00:00
320.43,0.01,10.8,38.98,1.89,7.16,7.69,4.56,1,2023-12-28 11:00:00
330.45,0.02,12.34,36.12,1.76,7.74,8.33,5.07,1,2023-12-28 12:00:00
360.49,0.12,17.82,29.68,1.67,8.96,9.71,6.02,1,2023-12-28 13:00:00
400.54,0.39,24.33,22.17,1.61,10.05,10.98,6.97,2,2023-12-28 14:00:00
413.89,1.48,24.33,21.99,1.65,10.29,11.27,7.16,2,2023-12-28 15:00:00
403.88,5.2,17.99,30.4,1.97,9.98,10.94,6.65,1,2023-12-28 16:00:00
390.53,7.15,14.39,35.76,2.71,9.85,10.76,5.95,1,2023-12-28 17:00:00
370.5,6.71,11.82,40.41,3.22,9.92,10.71,4.5,1,2023-12-28 18:00:00
323.77,3.16,7.45,49.35,2.74,9.52,10.08,2.41,1,2023-12-28 19:00:00
313.76,1.84,6.0,48.64,1.34,9.2,9.6,1.85,1,2023-12-28 20:00:00
310.42,1.13,6.17,45.78,0.93,7.0,7.34,1.88,1,2023-12-28 21:00:00
313.76,0.3,7.37,40.41,0.69,5.63,5.9,1.84,1,2023-12-28 22:00:00
313.76,0.09,8.05,35.05,0.6,4.71,4.94,1.36,1,2023-12-28 23:00:00
310.42,0.05,7.88,33.62,0.57,3.73,3.93,0.93,1,2023-12-29 00:00:00
300.41,0.02,6.77,43.63,0.57,2.96,3.16,0.74,1,2023-12-29 01:00:00
290.39,0.01,5.65,52.93,0.5,2.57,2.79,0.65,1,2023-12-29 02:00:00
280.38,0.0,4.8,57.94,0.46,2.33,2.56,0.55,1,2023-12-29 03:00:00
273.7,0.0,4.46,62.23,0.58,2.11,2.34,0.48,2,2023-12-29 04:00:00
273.7,0.0,4.11,60.8,0.76,1.72,1.94,0.41,2,2023-12-29 05:00:00
273.7,0.0,3.68,55.79,1.06,1.42,1.58,0.34,1,2023-12-29 06:00:00
277.04,0.0,3.64,50.78,1.4,1.64,1.79,0.31,1,2023-12-29 07:00:00
277.04,0.0,3.73,49.35,1.55,2.23,2.39,0.32,1,2023-12-29 08:00:00
277.04,0.0,3.64,50.78,1.48,2.7,2.88,0.35,1,2023-12-29 09:00:00
273.7,0.0,3.38,55.79,1.1,2.98,3.15,0.46,1,2023-12-29 10:00:00
270.37,0.0,3.34,61.51,0.88,3.45,3.62,0.97,2,2023-12-29 11:00:00
270.37,0.0,3.94,65.09,0.93,4.87,5.08,1.52,2,2023-12-29 12:00:00
280.38,0.0,6.25,66.52,1.48,7.21,7.53,2.09,2,2023-12-29 13:00:00
293.73,0.0,9.08,66.52,2.26,8.87,9.31,2.44,2,2023-12-29 14:00:00
300.41,0.21,9.94,67.95,3.01,9.56,10.06,2.5,2,2023-12-29 15:00:00
300.41,1.26,9.17,69.38,3.93,10.12,10.68,2.41,2,2023-12-29 16:00:00
297.07,2.07,7.71,70.81,4.71,10.57,11.19,2.18,2,2023-12-29 17:00:00
293.73,2.29,6.85,72.24,4.95,10.74,11.4,1.84,2,2023-12-29 18:00:00
290.39,2.18,6.34,75.1,4.65,10.0,10.67,1.54,2,2023-12-29 19:00:00
290.39,2.12,6.94,77.25,3.37,8.87,9.51,1.54,2,2023-12-29 20:00:00
293.73,1.82,7.88,77.96,2.18,7.36,8.02,1.73,2,2023-12-29 21:00:00
307.08,1.38,11.65,72.96,1.36,6.57,7.49,2.12,2,2023-12-29 22:00:00
340.46,0.39,18.34,62.94,0.97,6.59,8.0,2.25,2,2023-12-29 23:00:00
370.5,0.01,22.28,56.51,1.06,7.71,9.71,2.5,1,2023-12-30 00:00:00
383.85,0.01,22.96,54.36,1.21,9.95,12.41,3.26,1,2023-12-30 01:00:00
373.84,0.01,19.88,56.51,1.13,11.58,14.14,3.51,2,2023-12-30 02:00:00
350.48,0.0,15.59,59.37,0.95,11.74,14.17,3.29,2,2023-12-30 03:00:00
337.12,0.0,13.19,60.08,0.84,11.07,13.31,3.07,2,2023-12-30 04:00:00
327.11,0.0,11.31,60.08,0.75,9.89,11.92,2.85,2,2023-12-30 05:00:00
310.42,0.0,8.65,61.51,0.66,8.1,9.89,2.63,2,2023-12-30 06:00:00
293.73,0.0,6.25,62.94,0.53,6.56,8.25,2.47,2,2023-12-30 07:00:00
280.38,0.0,5.14,63.66,0.48,5.52,7.26,2.37,2,2023-12-30 08:00:00
273.7,0.0,4.71,62.94,0.52,4.94,6.79,2.34,2,2023-12-30 09:00:00
267.03,0.0,4.46,63.66,0.56,4.65,6.56,2.31,2,2023-12-30 10:00:00
267.03,0.0,4.58,62.23,0.61,4.59,6.46,2.37,2,2023-12-30 11:00:00
270.37,0.0,5.44,60.8,0.67,4.75,6.51,2.5,2,2023-12-30 12:00:00
287.06,0.01,9.0,55.79,0.73,5.38,7.1,2.85,1,2023-12-30 13:00:00
310.42,0.01,13.02,50.78,0.74,5.87,7.6,2.98,1,2023-12-30 14:00:00
313.76,0.11,13.37,50.78,0.65,5.65,7.4,1.66,1,2023-12-30 15:00:00
303.75,0.71,11.31,52.93,0.72,5.25,7.04,1.39,1,2023-12-30 16:00:00
297.07,1.65,8.83,55.07,0.8,4.76,6.59,1.31,1,2023-12-30 17:00:00
287.06,1.93,6.6,59.37,0.89,4.25,6.03,1.23,1,2023-12-30 18:00:00
270.37,1.55,4.46,65.09,0.98,3.9,5.45,1.06,2,2023-12-30 19:00:00
267.03,1.24,4.07,69.38,1.06,4.15,5.62,1.04,2,2023-12-30 20:00:00
263.69,0.94,4.07,70.81,1.12,4.4,5.88,1.11,2,2023-12-30 21:00:00
263.69,0.5,4.33,71.53,1.16,4.69,6.06,1.12,2,2023-12-30 22:00:00
270.37,0.11,5.36,70.1,1.18,4.96,6.09,1.08,2,2023-12-30 23:00:00
273.7,0.0,5.91,67.23,1.1,5.15,6.08,0.92,2,2023-12-31 00:00:00
277.04,0.0,5.74,64.37,1.06,5.21,5.95,1.01,2,2023-12-31 01:00:00
273.7,0.0,5.1,62.94,1.21,4.6,5.11,1.69,2,2023-12-31 02:00:00
270.37,0.0,4.24,64.37,1.31,3.5,3.82,1.66,2,2023-12-31 03:00:00
263.69,0.0,3.6,67.95,1.24,2.79,3.01,1.49,2,2023-12-31 04:00:00
260.35,0.0,3.08,69.38,1.1,2.6,2.79,1.39,2,2023-12-31 05:00:00
257.02,0.0,2.36,70.81,0.98,2.38,2.53,1.31,2,2023-12-31 06:00:00
250.34,0.0,1.86,71.53,0.8,1.93,2.04,1.25,2,2023-12-31 07:00:00
247.0,0.0,1.54,72.24,0.56,1.36,1.46,1.19,2,2023-12-31 08:00:00
247.0,0.0,1.41,70.81,0.39,0.9,0.99,1.16,2,2023-12-31 09:00:00
247.0,0.0,1.39,68.66,0.34,0.62,0.7,1.14,2,2023-12-31 10:00:00
247.0,0.0,1.48,66.52,0.37,0.5,0.58,1.09,2,2023-12-31 11:00:00
250.34,0.0,1.69,64.37,0.42,0.5,0.58,1.03,2,2023-12-31 12:00:00
253.68,0.0,2.55,62.94,0.47,0.54,0.65,1.03,2,2023-12-31 13:00:00
257.02,0.0,3.47,61.51,0.54,0.62,0.77,1.06,2,2023-12-31 14:00:00
260.35,0.02,3.73,60.8,0.66,0.65,0.81,1.08,2,2023-12-31 15:00:00
260.35,0.11,3.6,61.51,0.83,0.66,0.84,1.08,2,2023-12-31 16:00:00
257.02,0.27,3.3,62.23,1.06,0.62,0.8,1.03,2,2023-12-31 17:00:00
257.02,0.37,3.04,62.94,1.24,0.57,0.75,1.0,2,2023-12-31 18:00:00
257.02,0.4,2.87,64.37,1.18,0.56,0.73,0.96,2,2023-12-31 19:00:00
257.02,0.37,3.08,65.09,1.01,0.58,0.74,0.97,2,2023-12-31 20:00:00
257.02,0.27,3.34,63.66,0.92,0.58,0.75,1.03,2,2023-12-31 21:00:00
257.02,0.12,3.73,61.51,0.86,0.57,0.74,1.11,2,2023-12-31 22:00:00
263.69,0.03,4.5,59.37,0.85,0.6,0.78,1.25,1,2023-12-31 23:00:00
267.03,0.0,5.14,59.37,0.87,0.69,0.89,1.36,1,2024-01-01 00:00:00
